ContactID,CustomerID,PhoneNumber,EmailAddress
8853505,60760224,9079663323,lhinsche0@comcast.net
1161218,67457594,3209439301,amanuel1@usnews.com
8181769,58411135,3125618337,aweighell2@nature.com
3829770,5915307,4078303175,fgunston3@mozilla.org
2142219,51655189,3138707247,afilpi4@webs.com
3280906,658110001,4045907068,wpiche5@deviantart.com
5201933,31722328,6175241910,falberti6@google.com.br
3948560,54162018,3045264427,owittman7@nps.gov
6268944,449110060,6235946668,kcalvey8@google.cn
8620050,548685732,4084401522,alandsborough9@chron.com
2656275,9551015,9732133415,ddodgshuna@imgur.com
7127060,54838101,3154204107,bdelvesb@zimbio.com
4085781,49825119,3049845742,ldivellc@blog.com
1896466,54799504,7853717195,dhazelgroved@theatlantic.com
8398869,437420059,2021598703,cwreakese@mtv.com
5292056,687889728,4236558690,emanvillef@shareasale.com
7024660,2282672,9377496041,mzanettig@dropbox.com
1996828,21695215,9208613234,jproudmanh@independent.co.uk
6533150,37000352,6151690681,ldundini@hc360.com
7972894,492880606,4109140768,tduckj@mapquest.com
1241118,496931801,8129350173,bcathelk@paginegialle.it
8198181,23155141,8187992159,aocanavanl@1688.com
8661030,655170027,8123138264,ipotellm@sogou.com
5736486,7039258,7756705395,mtresvinan@discovery.com
1867818,50988176,7653871807,lmahoneyo@hibu.com
9957420,551548252,2128464207,wcossellp@npr.org
5668910,51143213,4109349054,amcnivenq@360.cn
5273647,42507612,3054675364,pfussier@lycos.com
2037808,76237162,2026573775,bcarlans@newsvine.com
2420787,692430610,3603085537,etzarkovt@google.fr
2375732,75936123,4022607696,hdoorbaru@un.org
1040436,51346179,5129593351,regaltonv@ning.com
9146423,10849001,6466789472,mgawithw@yahoo.co.jp
1026104,52125632,9153898537,jduckworthx@wix.com
4761656,538080603,5041601828,rlacey@ca.gov
5386298,68387695,6463447431,jrigmondz@youku.com
4180025,6031384,5402501864,omorpeth10@discuz.net
7000124,55289697,4157956358,npiller11@ucoz.com
3852352,339924948,5716725925,pmithon12@mozilla.com
6881347,49938102,2699521497,lhealeas13@hhs.gov
8931396,24488032,4047523832,ctoller14@mediafire.com
6934600,11697373,2098305801,froswarne15@blinklist.com
2385992,437420339,6264885510,cdewhurst16@yahoo.co.jp
4235341,62499395,3618697414,beminson17@senate.gov
3573842,551546649,9894850171,jtincknell18@stumbleupon.com
3702867,51523018,5013834943,hdenford19@toplist.cz
8972372,52959997,8641827760,kivie1a@ted.com
7374936,37205458,6156681467,btittletross1b@cbsnews.com
7653465,2680899,9184077055,dandreolli1c@furl.net
6015065,65321515,3187398113,mmacshirie1d@unicef.org
7915612,66854024,6511368822,jdeekes1e@themeforest.net
2060381,30142163,9156169370,awoodland1f@fema.gov
5328996,687889178,6029133546,ebartlam1g@biglobe.ne.jp
1857639,5177630,5613395265,mnutten1h@chron.com
7915627,369871206,6617438253,gzamora1i@slideshare.net
8611947,936126,2698685073,nlonglands1j@auda.org.au
7546989,51060009,7545898037,tschroter1k@nature.com
6285421,55319533,4054429003,mcortez1l@i2i.jp
2269297,4091163,2087318246,agiannazzi1m@npr.org
6561905,61336001,2026179627,cwhittaker1n@example.com
1888371,1350460,4796722885,cfirpi1o@wp.com
5765233,53150411,7349830921,cpettegre1p@un.org
9486454,605601072,2179673290,hlawdham1q@cnbc.com
1794166,523803101,4693656966,msultan1r@4shared.com
2788764,511411000,2143583694,tglanfield1s@fc2.com
5122171,7816523,3175952923,vscrivner1t@cdbaby.com
1695868,43196514,9108351519,cpeschka1u@eepurl.com
1171580,63824750,6153500344,dfeldbaum1w@de.vu
5003392,64980183,8166930309,wheber1x@twitter.com
9291911,35356844,2051145791,bpirie1y@wufoo.com
2179207,68180403,2053798812,lkiezler1z@go.com
2029705,24987562,6023160625,mmowsdell20@w3.org
2592906,548684250,5088435655,gbollis21@i2i.jp
6385802,534990390,8172148029,mfrancescozzi22@go.com
3115148,13537110,5184742773,apow23@acquirethisname.com
9445517,41520199,9725255279,astocker24@domainmarket.com
9603212,9444351,2069553681,jbeddon25@nydailynews.com
2818191,765191017,4044007955,blampens26@google.ca
1001617,45963538,3211174073,ooade27@bluehost.com
1542294,64117252,2054008698,nbushe28@kickstarter.com
9003158,43269669,2105837303,velwood29@miibeian.gov.cn
4540568,1850157,9174223564,hswyndley2a@photobucket.com
4868255,24208544,2258410636,scranna2b@multiply.com
6008993,29149001,6023058027,ehagard2c@elpais.com
3811490,2995980,3862252847,chenriksson2d@chicagotribune.com
1763495,672039,8136174542,docooney2e@blog.com
2926760,557144426,4807833635,aquantrill2f@netscape.com
2492585,37808008,4793127517,nderrington2g@time.com
2195629,650643,3233633595,tpadley2h@usda.gov
3465390,53746102,4343338356,astrange2i@java.com
1122479,55700020,3168919761,ghegdonne2j@eepurl.com
5783727,2062100,6512794209,gmurison2k@google.ru
1140914,68462179,5026058186,hnockells2l@elegantthemes.com
4204725,76439273,5203930569,asmalridge2m@behance.net
2611382,52959144,3143338350,gstubbs2n@exblog.jp
6064311,64205101,9194627153,wlewing2o@arstechnica.com
4833468,548686077,7853670967,odunkerk2p@bravesites.com
5619900,5550140,8187936320,aalasdair2q@rambler.ru
8110270,656910105,9138275744,ablondelle2r@people.com.cn
3264702,551549357,2126646255,bbridywater2s@reuters.com
2025664,52125866,3035369709,cjanuszewski2t@acquirethisname.com
6738114,54458907,2531293808,gdecker2u@wordpress.com
4796610,33261228,2024896564,abilbey2v@tamu.edu
1781961,115841060,4804586503,gtimmins2w@wiley.com
3463370,3631024,2258110306,gshepland2x@narod.ru
7051465,50268452,9045318925,mmclagain2y@woothemes.com
1026259,37808817,8509780378,mpfaff2z@economist.com
6172893,68084009,3368797974,cgentzsch30@yahoo.co.jp
8562914,65862599,9153536106,pclynman31@smh.com.au
3553507,519181001,8179334301,dlambis32@themeforest.net
2474213,551546127,8012003771,rgoodhand33@moonfruit.com
3123430,369872014,6089118392,ffirbank34@dyndns.org
8665319,61598200,2107489946,bcollingdon35@creativecommons.org
5851369,55315455,2123890212,emerryweather36@fotki.com
7756010,59078039,5043185022,jhunt37@tinypic.com
7393515,68026544,2051132865,gvelte38@zimbio.com
1081579,21695835,7755638351,nlockier39@tamu.edu
2560237,68084713,3046801408,srusted3a@wikipedia.org
4708590,49349191,2106487948,rbeaver3b@yelp.com
8483055,676045,5108302761,obreede3c@people.com.cn
8100082,100960158,3011327936,vusher3d@paypal.com
6856947,5740427,4259586133,acattanach3e@army.mil
5189877,49715019,2054129488,bchampken3h@comsenz.com
6531319,605053780,5131920087,amityashev3i@xrea.com
2687224,492880302,6087277360,okarolczyk3j@goo.gl
9593079,50036571,8049470692,hfealey3l@phpbb.com
5427450,47335203,5099211228,krosengart3m@examiner.com
8319226,557144401,7047855846,fgretton3n@godaddy.com
9314556,36800004,8138981241,senders3o@shinystat.com
5902590,511415000,2819244288,smaude3p@drupal.org
8007934,653420001,5593775433,brichten3q@hatena.ne.jp
1245440,37205664,8081506347,ylampert3r@creativecommons.org
3522822,681510329,8136830121,gbasilone3s@gmpg.org
7794953,61786020,2028749997,iwinear3t@auda.org.au
7112970,24488027,6103690593,tjirick3u@e-recht24.de
2810131,47682903,2102047413,lboreham3v@histats.com
7008532,1130277,4047663677,hmatuszkiewicz3w@cargocollective.com
1046805,68220160,2021773286,rbahike3x@parallels.com
2746646,55111697,8623243537,gtwitchett3y@skype.com
8118551,30142104,6614814276,gmeryett3z@washingtonpost.com
7403798,52959880,8607415902,sbriscam41@bandcamp.com
1243419,42043171,7185883004,tarrundale42@dagondesign.com
2685213,59779115,5036164766,hgilfether43@oakley.com
3125534,681514021,8135818697,obanghe44@ed.gov
8089890,67046017,8135670594,cpitsall45@usa.gov
1300772,691520006,8168089158,ebrambill46@whitehouse.gov
9672999,49348274,6267272694,rvoase47@harvard.edu
4380969,53620101,9258954232,zodooghaine48@vkontakte.ru
6621483,43353754,3207061610,gackermann49@foxnews.com
1165616,650454,6129699476,lgregolin4a@friendfeed.com
4516148,66758004,5718647389,wrennebach4b@fastcompany.com
9068854,650446693,7249853190,rgrzeskowski4c@europa.eu
4012344,1210772,7855997924,agwilt4d@blogger.com
5726522,664970001,3231421369,maizlewood4e@posterous.com
8958267,49348616,5308034379,yridulfo4f@dailymail.co.uk
6613308,635650001,8048310385,mcanedo4g@networksolutions.com
1691968,59262259,6023756375,jpargetter4h@ted.com
6594881,11564003,2029569934,kpearmine4i@uol.com.br
2259268,66336099,2141707433,ktrawin4j@independent.co.uk
4378951,636293279,2068257596,mrathmell4k@zdnet.com
5103944,1680277,7575714747,sflasby4l@cbsnews.com
8368457,35356251,2533067420,eharpham4m@wikimedia.org
2308426,76433002,2039790342,emeece4n@stumbleupon.com
8862025,10348010,2125125743,sdilley4o@samsung.com
1597776,6997051,3122981026,ftankard4p@reddit.com
3133781,687889141,2085922751,arodell4q@flickr.com
6295894,2680654,8063190596,dchriston4r@google.ru
4677975,42549497,3126196759,rtorel4s@cyberchimps.com
3709273,53305074,8603331948,akale4t@multiply.com
2195802,43269780,5744856534,acripin4u@loc.gov
9113957,536031006,9158244121,gshoard4v@example.com
6967654,681511471,3146444750,rleither4w@privacy.gov.au
1313131,49349272,7811593923,wfrance4x@google.co.jp
5357933,63029633,4055236730,cranaghan4y@simplemachines.org
9433454,489518189,2023405556,ltomeo4z@pen.io
5994863,35356882,6129543382,bphilpin50@blogtalkradio.com
8866161,41163478,3039043257,ddeakin51@list-manage.com
6924658,60429028,7193011853,zkobpac52@umn.edu
2799986,63187181,2139274402,ffowlie53@ustream.tv
2052469,36800010,4023243696,lmacillrick54@unc.edu
2621816,49349926,3045564067,pgerardet55@behance.net
3658106,628392810,8179477356,jocurrane56@usda.gov
8307071,551545676,5209114959,dblaasch57@apple.com
6058367,52686320,2067667618,blappine58@amazon.com
6416768,59115130,6461817404,jgreatbank59@skype.com
4278659,15127311,3057414255,alipgens5a@goodreads.com
8212870,16571150,6231884046,sbullent5b@creativecommons.org
6220168,54340809,8501965273,cchalder5c@wordpress.com
2077073,24385549,6191471030,mdabinett5d@discovery.com
4899218,55711066,6303000865,dchaytor5e@hc360.com
8907155,59054140,9141167544,mratray5f@jugem.jp
2320787,438570026,9158351984,jettery5g@skyrock.com
7235989,61667001,8109940269,pstoter5h@reuters.com
2732442,55316478,3033158967,bbullivant5j@foxnews.com
2371996,538080737,3252455031,tscapelhorn5l@booking.com
9683358,60429981,4052841776,gclarson5m@myspace.com
2576799,590621227,6262906033,klackmann5n@jalbum.net
1106336,7811971,9121289397,nitskovitz5o@tamu.edu
1837470,548681971,2537229953,dbramwich5p@shinystat.com
3338661,1214675,7729592301,jkingzeth5r@privacy.gov.au
2288040,66312110,2569046031,genrdigo5s@yellowpages.com
4962730,57337061,2105611749,hasple5t@earthlink.net
1612206,11673165,8164395151,egulleford5u@usatoday.com
4329906,108193737,8086307794,btakle5v@domainmarket.com
8585650,52533024,9158321634,efayter5w@disqus.com
5986743,41163271,2403698151,emardlin5x@i2i.jp
1907129,10337332,2627779429,mcubberley5y@xing.com
5423547,68405014,8085642781,mfarndell5z@cmu.edu
2634172,606812105,7047087878,mpoff60@unesco.org
9867710,15127831,7028634129,gmacconneely61@imgur.com
1198529,65862536,9151292280,kgalego62@lulu.com
5794242,44717536,9379701815,mryves63@moonfruit.com
7664067,115237371,2096469428,cminico64@wikipedia.org
6971844,3787185,3131338486,lspeedin65@yahoo.co.jp
1470916,37000199,7271422842,kbreton68@nationalgeographic.com
5515715,16590080,7274435253,jmohun69@ocn.ne.jp
7365058,67253264,3346362686,mpoulsum6a@g.co
3508683,5913602,2141382512,vculham6b@cnn.com
7188946,67046806,4192479627,lkingsmill6c@reuters.com
6668756,21695285,7135619214,rleachman6d@parallels.com
2427351,60429505,8055159050,ccharnick6e@acquirethisname.com
7375320,682586100,3151735833,bmarcome6f@seesaa.net
8567256,52584024,2128198294,gversey6g@mit.edu
7983580,369871607,9037051528,kbryers6h@google.com
9931235,492150001,5619471421,fmartugin6i@phoca.cz
9927139,50563112,3035019600,tstansell6j@merriam-webster.com
6824421,52642006,7708090562,pjoliffe6k@cafepress.com
3865062,5551056,4126524348,ngullan6l@jalbum.net
7176679,41250467,7173157277,hmelmore6m@spotify.com
8333802,76237153,4049792302,cgertray6n@mapy.cz
8215020,55143012,5136003392,alonghi6o@123-reg.co.uk
9134573,35356301,4233608605,gmorston6p@unicef.org
4975089,101579875,5619279650,blorkings6q@e-recht24.de
3078647,369871048,8502439764,dchillingworth6s@netscape.com
2990583,58411102,6263523260,mvinsen6t@free.fr
2097660,687889942,2106637834,wjenk6u@a8.net
9196029,16590244,8478507613,eblissett6w@infoseek.co.jp
3572227,63739283,8561439887,kmobius6x@examiner.com
5773827,641596989,3037110764,olord6y@mail.ru
5769731,50844753,2149715732,achrestien6z@va.gov
5526027,14783323,7049566488,jgentzsch70@amazon.co.jp
3037710,548685607,9047917393,dstarmer71@hatena.ne.jp
8118799,582329911,7813763826,dkenington72@51.la
8851984,36800647,8148127417,omaccrann73@dell.com
6627858,118220900,2125129828,wlumley74@vimeo.com
2832915,434581004,6028960611,dcrier75@kickstarter.com
8256020,37808437,4104603425,sgillings76@reverbnation.com
8071701,68135020,6146315515,flauchlan77@mtv.com
3365404,42411043,5858423258,mcollens78@ezinearticles.com
2365982,18860678,4341160366,aroderigo79@chronoengine.com
7922210,51060045,4785063914,dmcpartling7a@diigo.com
8151588,47593359,3343962155,lcarn7b@upenn.edu
2411045,61245146,6825096202,ebreckon7c@geocities.jp
7698982,4563407,7631469679,sdemcak7d@harvard.edu
4379175,49349866,4027697150,vayree7e@github.com
2914857,49349952,2149094415,lchomicki7f@unblog.fr
4899370,24236063,8012220204,abernardez7g@goo.ne.jp
3476015,59011444,7191294996,jheatlie7h@bluehost.com
7264818,492880176,3347204918,ewoollin7i@phoca.cz
3279411,68752025,7756981030,avanelli7j@cisco.com
7565876,630141600,3303048372,dabba7k@shareasale.com
8995380,16864001,2034911590,cadrienne7l@berkeley.edu
6982198,538080396,3121107916,eortsmann7m@studiopress.com
7594559,14783451,2056993632,dtallyn7n@auda.org.au
4549185,691520078,9015232545,pbovis7o@mayoclinic.com
2777668,68387802,4062950934,rmcgeechan7p@digg.com
7645767,369872864,5125424541,nkayser7q@privacy.gov.au
9914952,57237025,5308437188,gdarleston7r@woothemes.com
9171529,6820334,9071400701,tpizzey7s@unblog.fr
5044815,2583687,7579357324,nswabey7t@networkadvertising.org
8208978,682583024,8308952597,sfullerton7u@newsvine.com
4475476,61722160,5714775661,sdanzelman7v@mlb.com
6203991,54340779,8186528669,mambroz7w@de.vu
4368987,13734023,7278064128,mvaleri7x@apple.com
3600988,7813315,7274212331,bidiens7y@google.cn
3848805,41163496,5169363022,bdanielsky7z@stumbleupon.com
1581672,60951,2027862819,fpenvarne81@nydailynews.com
2333289,61755001,5045303056,jdowzell82@youtube.com
8122986,489516040,8143953699,ckillshaw84@seattletimes.com
6236780,68391517,2535226297,lbraunstein85@fastcompany.com
3218034,60429369,4102647720,chawkett86@sciencedirect.com
4078196,30142406,8014303792,mbonifant87@engadget.com
5773942,45802806,4198401084,bsebright88@i2i.jp
3302009,43269612,5201357763,dcoatham89@abc.net.au
9810555,551541855,7165559600,erivaland8a@unblog.fr
9964157,49967159,9544563186,gginnaly8b@berkeley.edu
7744125,59746211,7195234709,magge8d@imdb.com
9028224,61047817,5208546196,hmartins8e@sohu.com
3201666,504364379,8642482548,mjacquemard8f@google.ru
7660163,42627229,7856995753,schaves8g@apple.com
5657221,68703004,9159666526,rspacy8h@mozilla.org
5702278,65365005,6026020085,atindle8i@mapquest.com
6363786,6410948,9017665518,ihuggill8j@blogspot.com
2026122,551543437,8169534876,speople8k@lycos.com
8534670,59779224,3077250907,akettell8l@qq.com
1702546,2686635,2171319118,cmatyukon8m@mashable.com
4973204,545692483,8108612102,torvis8n@independent.co.uk
1122972,16477811,7194785077,lhovert8o@nymag.com
8065694,52544044,8067507979,rropcke8p@ihg.com
5812899,21695473,9012399213,eabeles8q@geocities.jp
4731556,70253348,5039688316,csnasdell8r@linkedin.com
6806183,64406016,6124029869,acocks8s@rambler.ru
6077099,7130166,3346971884,athireau8t@google.es
2380459,3631298,5595651007,lshorto8u@va.gov
8544943,679381397,3039395642,cbruniges8v@issuu.com
9431735,54838144,9011367802,mschrader8w@reference.com
5872313,53113266,7313391951,cwatman8x@wix.com
7584446,2680807,2819296859,mollet8y@bbc.co.uk
7307972,58517340,2135856350,gmor8z@quantcast.com
8886981,3786201,3368925724,tperry90@cloudflare.com
2542279,98132728,8029777779,nghelardoni91@rakuten.co.jp
1495754,234964,7271551700,fdarker92@eventbrite.com
6957771,616570959,7275260343,tredmain93@jiathis.com
7041742,682588973,9019537355,mosherin94@un.org
3934927,605050265,2124460443,lbastock95@rambler.ru
3652302,46123039,4106179937,dholdforth96@auda.org.au
4633297,59779405,7016206460,ebarthot97@wikispaces.com
8813267,3639170,6128757257,okelloway98@icio.us
4956884,41163120,6823949956,ebrumbie99@uol.com.br
8280789,545690843,7736979188,mkegan9a@github.com
5266137,49778002,4069560909,awoolmer9b@webnode.com
1882842,650530,8016240463,zkewzick9c@bing.com
7355099,551544651,6127209471,jtoye9d@printfriendly.com
3199711,1871221,8011518122,ekleinert9e@redcross.org
5788384,59779574,8657563584,eloder9f@dailymail.co.uk
4340447,55289531,9543648053,dfarmery9g@bloglines.com
3640034,60429288,5124548287,rvicarey9h@buzzfeed.com
8735460,369871248,3051117318,oleynham9j@wordpress.org
1489640,30142462,4121583036,rgathercole9k@hostgator.com
1628915,641597693,5129177223,raspinell9l@nydailynews.com
7779060,61919992,9076260193,pkirimaa9m@cbsnews.com
8710905,489518160,9195094728,kcrickett9n@skype.com
3062523,30142733,8134365461,kchurcher9o@bloglines.com
5915393,43063051,4061746582,protherforth9p@hostgator.com
9995010,50300010,9706872368,yplowell9q@cbc.ca
7072515,548684986,3024484966,wgrassin9s@behance.net
6075150,605126032,7048594960,jbriatt9t@goodreads.com
3896079,53877009,3042333877,jbouskill9u@columbia.edu
8805137,1780370,6035018133,fingry9w@posterous.com
8825618,50458515,9705901597,nbatcock9x@issuu.com
2622225,55111396,7868808947,kcolmer9y@thetimes.co.uk
3730196,65923703,8168634515,vwindrus9z@wisc.edu
8803093,5559027,9135462879,apaulera1@bbc.co.uk
6069015,68647167,6514808222,ddeveralea2@techcrunch.com
4277015,15828106,8125583721,ntolchara3@hhs.gov
8229657,679380904,6618119656,bhavillea4@newyorker.com
3398426,1790080,2146324099,rkinneya5@home.pl
2927387,42254305,8501672610,lgrovera6@goodreads.com
3887900,7815527,5081787551,fknappa8@unicef.org
8100632,52584626,2063159268,bleggata9@si.edu
9720610,57664203,5746203789,avinnickaa@issuu.com
7463719,21695015,2143860537,jhatliffeab@ustream.tv
1176361,10705077,4252146202,shurkettac@g.co
1659689,55316994,2399833689,ebontoftad@uiuc.edu
4676400,15127335,3238391496,elethamae@japanpost.jp
5053233,36000175,2128781214,awilberaf@buzzfeed.com
8104757,54295307,7271465796,kwayperag@vk.com
1092416,42549604,5851836177,dlehrianah@vistaprint.com
6677313,57344018,2025906322,slottai@taobao.com
7240514,10812421,3057266964,hdeaj@go.com
4399938,557142351,3308599512,rwoodyearam@shareasale.com
6099781,3380520,8166185914,stollandan@census.gov
3158858,12634537,5013842881,asydallap@theguardian.com
5331794,521240107,5059539735,esauntaq@usnews.com
7742291,575200112,9894092784,scourtesar@buzzfeed.com
7189335,4620264,2132212269,sfoanas@hugedomains.com
4750171,76293037,7275308997,rstoreyat@youtube.com
6880091,7815613,5101913865,gyitzhakovau@craigslist.org
4660060,575200203,8164227963,ftremaineav@blogs.com
2947936,52685427,3144326890,kparsonsonaw@mysql.com
2024289,50563149,6461886227,mmorrelax@marketwatch.com
5518176,100960181,5137842542,jdupreyay@netlog.com
8465251,49349381,2673911500,sofficeraz@discovery.com
5927779,6156557,5151947641,awolfendenb0@studiopress.com
9591651,68084513,7023529550,adillamoreb1@washingtonpost.com
2444135,5364086,2026272651,gdeb2@wikimedia.org
9687912,59663110,2023055724,wconeb4@jimdo.com
9390953,52584950,9162080563,llarventb5@skyrock.com
6869866,1350505,8163272806,qmackenb6@studiopress.com
2634601,49349892,8173806223,lcallejab7@deviantart.com
2341735,6157507,7025242293,fharborowb8@t-online.de
7142252,935142,7069247335,llymbourneb9@squarespace.com
1416047,498171992,8045256457,dtrinkeba@vimeo.com
2489201,49283511,7188355749,rsillisbb@nbcnews.com
4645746,36800262,3192892106,ejoscelynebc@goo.gl
2771826,489511035,6179676138,jdayesbd@zdnet.com
2421624,5271326,6165443343,aeastcottbe@hp.com
9905021,52862201,3035497729,aizhakybg@odnoklassniki.ru
8547197,551543953,4195427357,locullinanebh@icq.com
4166526,551545627,8089794450,gdanhelbi@tinyurl.com
6259584,647250773,9515835929,bgerrenbj@wikipedia.org
5389181,548680644,5406484551,pgasgarthbk@hatena.ne.jp
5368704,504366624,2562595219,chubballbm@adobe.com
2481026,369873322,5084920882,plorimerbn@soundcloud.com
5862277,49349872,9374319171,khedlingbo@godaddy.com
7596940,3783000,2543654444,rdayleybq@friendfeed.com
3902352,369873131,3868251385,kmclleesebs@about.me
2696082,4720166,2067927053,rbristonbt@csmonitor.com
9423767,636294018,6156717755,kdytebu@reference.com
6271899,606812301,2178533382,btesdalebw@mapquest.com
2843548,55910664,9075429771,aspurgeonbx@dyndns.org
9759645,52083637,5036421039,lvidineevbz@mayoclinic.com
2261917,67386421,4155882673,cingamellsc2@desdev.cn
5675935,3380047,6268616415,gscrancherc3@bloglines.com
8401825,55289251,6141246693,fcollopyc4@a8.net
3568546,21695628,9073249843,tocurneenc5@google.it
6263724,49348934,9707846499,ebumpusc6@japanpost.jp
4881325,55289663,2027082464,ljoffec7@mashable.com
3068845,636291605,9152202132,bhutchcraftc9@acquirethisname.com
4090801,118220656,8502064344,wcamerelloca@1688.com
1547186,61328001,6268261717,jbubeercb@youku.com
5139379,504368102,8285099826,hallawaycc@newyorker.com
9626551,54111113,6191658510,faddisoncd@ox.ac.uk
9581496,30698202,9191824324,gsatfordce@nyu.edu
7254979,4300115,6186071822,gleimstercf@xinhuanet.com
3384264,24115,8623624311,rhummerstoncg@unblog.fr
6693832,650446590,2087534095,cpickerch@imageshack.us
8176584,56149001,7139126223,kmacgregorci@umn.edu
7130063,55648953,9164869481,snurcombecj@godaddy.com
7949264,2681139,2035169913,jcollingdonck@squidoo.com
6161361,492880142,7186969158,adearancl@oracle.com
9262035,64117118,9094103184,emagranecn@cmu.edu
6269908,15127550,2021255205,gquinceyco@dell.com
1194967,369871770,3032132819,emcnuffcq@wp.com
7476187,636294730,7653463393,jroistonecr@joomla.org
8391646,595358101,2179143205,eardycs@washington.edu
2522080,47593507,2103452970,cmaccrackencu@wsj.com
8451041,68647193,5599509467,wpantonecv@tripod.com
9184227,438570150,3041730353,apohlkecw@studiopress.com
5264357,59970051,5048964535,tlazenbycx@bandcamp.com
7240678,37000555,6026153752,estillecy@artisteer.com
9186289,11673027,9163894023,tbrinsoncz@nifty.com
5049335,69075001,5052470125,tled0@1und1.de
5209080,492880826,4086564189,hsnarttd1@hibu.com
4066299,13537503,7162221487,cwittd2@cargocollective.com
1152000,55550102,5628333335,lhordled4@about.com
3482631,650441437,9157445002,ccauserd5@eepurl.com
9602056,51785514,7275003606,tlawlyd6@aboutads.info
6986766,540435,7144636030,nmickad7@cbc.ca
2745367,548181,2059794979,jdoneldd8@tinypic.com
4836378,53489330,2037041147,jkopfd9@wunderground.com
2389022,681511174,4023865416,bliddardda@networkadvertising.org
7011362,35356698,6129287567,idunsforddb@aboutads.info
6804514,636295191,7131882047,toulddc@google.com.br
7062564,1680279,3102491369,bdahlendd@blogs.com
1893413,52959386,8066419906,uburnistonde@mozilla.com
3677223,369872212,2069323656,jlidgelydf@disqus.com
5626923,61715118,4134702585,jstradlingdg@un.org
9340925,52810411,2101797686,rlaisedh@acquirethisname.com
4912185,66993902,2024945125,ktumbeltydi@com.com
6183996,76439218,2039527550,kkenratdj@patch.com
3243420,7037045,9019291160,npumfrettdk@theatlantic.com
9387071,21695655,9137040217,wleifdl@time.com
3710020,63323086,5046865984,hpiggendm@accuweather.com
8076359,3638130,4153951335,wkinetondn@cdbaby.com
1655880,55305116,2161382762,mmcgougando@weather.com
4052041,2681007,9251006978,rbedborodp@huffingtonpost.com
1623117,65966001,7131079541,cnanuccioidq@gravatar.com
2712655,51079575,6035315616,jsandyforddr@yahoo.co.jp
6595664,53877006,9186938966,chymasds@uiuc.edu
7765075,66116402,5185799906,dnewbattdu@privacy.gov.au
3562585,61715108,6145970555,dfruchondv@etsy.com
8731737,52033001,2022638673,mcorneilledw@ucoz.ru
5323868,605050821,7134992223,whuckindx@hao123.com
6542430,42507374,3216783924,esleathdy@google.co.jp
6784094,14783099,9044178461,gjarrarddz@soundcloud.com
8203360,682583032,5158971020,apedleye0@go.com
4975717,369871519,7859004958,apedleye1@twitpic.com
8836199,21130255,3012798740,mmacenteee2@npr.org
3136616,12830739,6307675118,jrowcastlee3@examiner.com
7816304,49035393,3039480769,jattoce4@php.net
8717427,63323117,7049719849,jshentone5@facebook.com
3554421,696001,5046256875,jtripconye7@github.io
7799928,616994888,7027811307,gyurove8@cmu.edu
3673500,649421305,9096188876,mdee9@nih.gov
7130241,492880591,4046028109,bbarlassea@jugem.jp
8752258,548681590,3606712653,kodoireidheb@weebly.com
3968135,687889203,9168338515,lgouinlockec@bloglines.com
6485131,59572205,2021866508,pasplanded@delicious.com
6691981,51808210,5181080398,adeee@flavors.me
7517327,63739805,2055922534,rbreakwellef@dropbox.com
9774236,50242075,8625714694,hscallonei@goodreads.com
6907037,49349677,9371361689,rcouzensej@google.com.hk
1977503,52959009,8436641270,odibbek@4shared.com
2014367,545691155,4075758746,sstaintonel@mac.com
5749920,438570023,9048751436,rlimbertem@usgs.gov
8725670,606811002,2096309698,sjammeten@reference.com
3171500,68682004,5749721049,kkettlesingeo@auda.org.au
8860846,9046191,5138227045,cvanep@webmd.com
1766575,10544151,8067644623,adelles@macromedia.com
3390642,118226101,5612874093,ttidballet@biblegateway.com
3312820,51655102,4179777996,kroseveareu@furl.net
6722740,4093213,8439534690,lwernhamev@businessinsider.com
9264311,501148500,3137116183,brozew@homestead.com
3849405,33237002,7149523051,cshottinex@posterous.com
9663678,551542734,8504058579,cgerwoodey@gizmodo.com
3888317,672960470,7024848672,thurchez@home.pl
4175040,37012484,8286694882,rcresserf0@mediafire.com
5242046,11527163,8128322160,mreolfif1@jimdo.com
2151620,369872792,8188576971,krichemondf3@nih.gov
8457413,1130973,3478982504,bkarppif4@omniture.com
3540168,581181260,4156788058,ffantf5@paypal.com
9815241,63010011,8087182077,gscrivenorf7@amazon.co.jp
4494539,37808351,9171722218,jtatlockf8@scientificamerican.com
8563915,593510333,5102554514,mmcilroyfa@dropbox.com
5684432,52685454,9158966974,lgaythwaitefb@npr.org
9086160,24465,3174729307,mnoirfc@mlb.com
4730066,63187087,6021539389,erittelmeyerfd@hao123.com
8166611,41520873,4079111873,nharrisfe@house.gov
2165969,49349336,2027570920,belstubfg@tinyurl.com
1821909,10812604,4107309421,hstithefh@smugmug.com
6239450,636291558,7132413306,sdudgeonfi@elpais.com
7679199,4980401,7243427649,gvernallfj@nps.gov
6489313,23155014,5203042181,bfilippellofk@bizjournals.com
2491618,548686162,5103348931,cpittendreighfl@unc.edu
6894817,60760978,6786093172,dboldfm@berkeley.edu
2800872,118220450,6508725300,mdulanyfn@storify.com
8254699,63730292,9039284295,hmacchaellfo@umn.edu
3310830,60429354,5614993718,bjanderafp@ow.ly
7415026,2830679,5087947055,khobbertfq@msn.com
8912120,4560095,3045542052,chirthefr@goo.ne.jp
2575609,501810038,8656350498,idruhanfs@devhub.com
4377850,609711176,4698187917,pdroverft@psu.edu
6606077,55301411,5022709040,tclayefu@surveymonkey.com
8627456,44523450,5018533771,emckirdyfv@who.int
2358534,649420894,4193173217,bmatthisfw@ezinearticles.com
7505159,548685585,7755036439,bplayhillfx@uol.com.br
2071817,22700143,2028429921,cebify@goo.gl
9622796,369873061,2404087636,sgoodhallfz@mozilla.com
2686221,59310175,2566691494,vstaggg0@hao123.com
2764048,47781103,7183459152,kwoolagerg1@weibo.com
2405649,67692148,2121677718,tscoong2@fc2.com
9227537,3783005,9169860177,adeg3@wunderground.com
7646481,68084734,6022057436,cseeneyg5@ucoz.com
8895761,369873362,4789269762,hbaptisteg6@si.edu
3296530,23155112,3181808398,lchanderg7@ox.ac.uk
4420886,64125127,7753083119,wpundg8@arizona.edu
5958930,45802770,7863874994,tbrocketg9@slideshare.net
4113688,369873360,9723205465,smacparlandgb@linkedin.com
6419737,3951003,9032147052,wdennessgc@harvard.edu
2458911,513937336,7077952111,crolloge@bbc.co.uk
2501925,4090219,7028922638,akaaskoopergf@japanpost.jp
3353893,75936113,9121467423,bwarlawgg@auda.org.au
2483496,51386300,6095741193,gvonderdellgh@sfgate.com
4588842,50988183,5095948977,bwesthofergj@123-reg.co.uk
2155818,59779349,7182585427,imckilroegk@miitbeian.gov.cn
3112236,52533103,2256394419,grevengl@aboutads.info
7654703,41190915,7243729092,iriggollgn@gravatar.com
2370868,68345965,9044870831,dhanveygo@miibeian.gov.cn
6937910,687889164,2142766272,rcokergp@oakley.com
5420345,669696014,4079239393,gwycliffegq@java.com
5788986,482560011,7278624401,tarnoppgr@wikipedia.org
9596221,6032433,2124797667,gbeswetherickgs@google.it
5064005,5970058,3036651796,pgriffithgt@ezinearticles.com
7509319,4850096,7183417678,rhamelgv@com.com
6901063,67457483,9188574530,gcasagw@thetimes.co.uk
5199179,41520851,7161728857,krostengx@gravatar.com
3458379,49738201,3149652604,swoolnoughh0@flickr.com
9102667,581180517,9188740387,lkrystekh1@globo.com
6159695,42507944,9166569509,cleh2@elpais.com
3335504,46122500,2515447654,lmountjoyh3@w3.org
6178131,597626722,7195852765,bhauckeh5@nasa.gov
5754195,505733560,7161179706,prosserh6@oracle.com
3800416,3784513,9017907873,csainthillh7@biblegateway.com
3669345,68016115,2039068874,gklementzh8@blogtalkradio.com
8580450,33261158,2517626091,ybrewish9@oracle.com
8271201,63736013,3096722081,wwastieha@surveymonkey.com
7245159,515315397,3528303670,lbeachemhb@imdb.com
1477991,3631005,7048530361,dalredhc@weebly.com
7855467,54162004,3033481911,ksheerhd@bigcartel.com
2078063,551542095,7026809913,scharthe@geocities.com
8781169,6151590,5408527556,gharrieshf@apple.com
2837883,619950212,7192564587,aedgeleyhg@godaddy.com
8203644,21695975,2122547773,mseedhousehh@google.com.br
1785215,63044203,5594595176,vroelvinkhj@netscape.com
5764479,7815949,2154751382,ggenckehk@icq.com
5541254,41250236,5599793676,cshillitoehl@oakley.com
9397640,68180750,3046662523,mgruszczakhm@tuttocitta.it
6862217,40042050,4025821673,vgraftonherberthn@sun.com
7462289,369872177,5052522910,scholwellho@mozilla.org
6090132,3386307,8182485591,aebdenhp@webmd.com
3427734,51824014,2517287382,cchelamhq@tripadvisor.com
3710358,52125357,9377043099,kmardallhr@disqus.com
8672665,50268688,9094779059,toateshs@sina.com.cn
3018138,30142001,2547220807,jattockht@si.edu
8580508,68001215,2035272914,ekhadirhu@marriott.com
9831836,62932144,7025922211,mteenanhv@disqus.com
9973149,5271325,4124662776,mleedalhw@webmd.com
8465821,63187133,9372061580,hmclellanhx@un.org
8934813,489517053,6515571718,demsliehy@imgur.com
2090401,64764151,7723600041,mhamalhz@blog.com
7751073,677501234,2123093109,cgaigeri0@time.com
8441250,584430024,9378295472,coxladei1@google.it
6374812,59779101,2022533828,kscirmani2@dot.gov
6933916,60916002,9071728427,ggoddeni3@sogou.com
4894117,59115056,4172227311,wprugeli5@facebook.com
6739367,538080218,7125512600,jburchessi6@dailymail.co.uk
3405219,66479581,4054558082,mstiegersi7@exblog.jp
9088434,11673067,9049854451,pdenmani8@bloglines.com
3272116,606607786,6465583330,rlouthi9@blogspot.com
1996212,49349472,3865183293,dhavelineia@cornell.edu
8099253,35356544,6078845591,awallickerib@java.com
3159480,16590036,9043802810,ddunkirkid@salon.com
5862841,437420185,4052287153,bgiacobbinijacobie@linkedin.com
4470201,3630657,5204146932,ocaulwellif@sfgate.com
2770361,438570238,8606263765,rheimsih@zdnet.com
7339452,582320024,8474526143,edomninii@rambler.ru
9145789,54575338,2123508606,rreitenbachij@wix.com
9295295,37808595,2025032973,dfeirnik@homestead.com
2588098,117168653,3212439957,mfeathersbyim@qq.com
3696068,68428740,8597800771,rwoodgerio@ovh.net
2414024,3630443,9411015303,scurtainip@latimes.com
3405261,41250117,2127874683,sblaiklockiq@myspace.com
5561807,55118545,9075938008,wburstonir@deliciousdays.com
5316048,10631099,9528962862,mnialsis@goo.ne.jp
7851476,369872341,6147828409,achastangit@liveinternet.ru
7892438,55648177,7185828080,aamyiu@google.co.uk
4316632,527317003,2151930911,acrowteriv@cbsnews.com
2926040,132653,5719499499,estoddiw@dot.gov
4507101,1730756,5182977474,llacknerix@hc360.com
9526749,2686699,2398267143,fwadleyiy@cafepress.com
9399779,636295013,8606578323,rlaingmaidiz@ow.ly
8213987,49348788,2028879992,btempertonj0@fastcompany.com
7540196,108195808,9043640096,cbenaharonj1@skype.com
4670950,1791804,5019743049,cagiolfingerj2@cdbaby.com
9631207,59088864,3127081629,cdomenicoj3@omniture.com
9702885,586684281,7198960684,iembyj4@e-recht24.de
6381029,1730772,8434989975,csweatingj5@slate.com
5508591,104770809,3109381580,wovanesianj6@slate.com
8021487,100960280,2037760898,bsavagej7@ucla.edu
7007730,415957009,3033828249,cyansonj8@slideshare.net
7230964,54838551,5045538625,ksecrettja@woothemes.com
2305524,68180902,6469276795,pabaroughjb@nydailynews.com
4423158,41520092,8625369761,fcardoojc@reference.com
1992184,101571010,4081702918,abroxupjd@qq.com
9014776,43419028,4053404762,bsimkinje@angelfire.com
9174524,52584900,4122322228,emccookjg@constantcontact.com
4843008,339920100,5095266935,gwarringtonjh@uol.com.br
3794434,52584053,9165106535,adunstoneji@qq.com
9981445,346454001,2024586400,ggobeauxjj@mail.ru
7546374,603192001,2818641863,brubiejk@clickbank.net
9889291,52915070,2148346027,cdavidssonjl@pcworld.com
3864079,62756093,3106560953,vcrathornejm@technorati.com
3905041,557144520,3197828681,mgethinjn@flickr.com
9522710,610105400,5208471547,cgiovannijo@nasa.gov
7679513,51769980,2032678615,cfirksjp@webs.com
9590305,52125618,3616855115,adowsonjq@cnn.com
8746530,63304581,8127581637,jramsdalejr@ycombinator.com
8838689,64679743,3313688257,ustarkiejs@shareasale.com
3460645,662881100,8062572089,rkhominju@google.com.au
8551975,37012335,2021135159,ngazeyjv@uol.com.br
3309095,1872205,3034025682,gzimekjx@nyu.edu
4804137,551545880,6153715576,hheddenjy@mapquest.com
3833384,24909606,2156738768,rbrucejz@google.ca
5629484,13913011,3038253348,amackenneyk1@reddit.com
3352111,649421174,2022053928,gvasilyevk2@illinois.edu
5948976,81123,4098840947,tlimprichtk3@amazon.de
6581809,43063024,6614038125,mdulantyk5@facebook.com
2297394,52533080,8604826177,pmaddicksk6@mayoclinic.com
9006644,59779389,9738088141,mstrotonk7@flavors.me
7001653,47682101,6012802657,kclappk8@patch.com
1564214,551542431,8121137971,cmunnionk9@goodreads.com
5244471,61722060,4025961208,ctillka@sourceforge.net
1736248,61139513,9175611487,tgerrykb@barnesandnoble.com
3706425,55316998,7147644679,caylmerkc@wsj.com
1418806,548685545,2053039173,elapwoodke@zimbio.com
8496699,650442320,5158177422,rsibbsonkf@hatena.ne.jp
8339004,68016081,5154052235,gleemankh@telegraph.co.uk
2315832,37808416,2068699196,dharrollki@washington.edu
2930243,1680151,2694671203,bkellickkj@vimeo.com
9932361,53247330,8506888218,mbibbykk@dagondesign.com
1318474,42957001,5098466734,bferentzkl@census.gov
4875851,489513145,4155639515,msherewoodkm@sphinn.com
4527696,37808386,2133262898,eblenkinkn@japanpost.jp
5320275,20276433,7817383318,slittlechildko@skype.com
7245396,41268441,2075535217,kblastockkp@wp.com
7401045,551547453,5157836239,obevanskq@parallels.com
3393110,541187188,9157841285,cduddlekr@cbslocal.com
3122777,46122245,2024830834,ddomeks@baidu.com
3984985,61314294,8064576984,aalsinakt@chron.com
3133021,64117228,6024435103,cpittsonku@scribd.com
6282852,42546175,7192174001,nmandreykv@newyorker.com
9852520,758571123,5167959981,rjeffresskw@usgs.gov
3833449,55648172,7279524013,bianizzikx@etsy.com
9913962,76461910,8017613296,lpayneky@cbslocal.com
2104940,549733112,5201586292,moconnelkz@discuz.net
4058734,64117293,2085757723,lmackrol0@studiopress.com
6882929,55312160,7701726849,dwinckworthl2@paginegialle.it
4474481,242792,7205772387,hmcrobertsl3@dagondesign.com
8877691,369872585,5735950416,yhodginl5@wp.com
6831741,42291886,9092982375,awadforthl6@census.gov
5523072,59746383,4129115517,sharrhyl7@biblegateway.com
7394945,50484303,4193889476,fcurwenl8@storify.com
6442627,50438102,4849428189,nvinsenla@yellowpages.com
4062855,1130425,2342891283,pkeatchlb@is.gd
2352778,15127900,4804994481,asherclifflc@jiathis.com
7689867,6416068,2051526799,mkilnerld@earthlink.net
4482700,11673536,8031608110,wpunchle@digg.com
6516364,47593458,3125246915,gshillabeerlh@photobucket.com
5256849,369872515,5135342151,jalvarli@amazonaws.com
2813586,63187009,5742685872,jtourlelj@comcast.net
7868050,55319619,3473714599,orodolflk@eepurl.com
6973075,650449961,6468241696,ibruggerll@desdev.cn
2743959,10702018,4152229982,mlindholmln@istockphoto.com
2168472,548683533,5123167266,cvinalo@storify.com
7407258,548686387,2104175117,ssenettlp@wunderground.com
3632797,51346144,6178303556,lharphamlq@pagesperso-orange.fr
3755678,61919178,9035459063,kborsilr@msn.com
9838239,1723762,9109354907,kbellordls@imgur.com
4222622,57664056,7722468311,kwavishlt@ebay.com
6600353,489517116,5037077976,kingletonlu@stumbleupon.com
8666787,52584482,2148814939,ctrenowethlv@odnoklassniki.ru
8124070,69161002,7864003230,dquillinanelw@ihg.com
3010217,579551531,2137264729,pritmeyerly@prlog.org
7546537,65841695,3615351418,cceriem0@ed.gov
1701547,10893520,9153258233,tusherwoodm1@tinyurl.com
3042990,675100026,8304864578,foulettm2@angelfire.com
2463410,21695575,2534582304,kcocozzam3@yolasite.com
3301042,52019001,7191374783,lkelsonm6@sfgate.com
3061430,49349991,9131853980,jpietersmam7@paginegialle.it
5813944,369871806,7204799658,apinnockm8@jalbum.net
2318011,606813003,3373088315,tstandbrookm9@instagram.com
4925117,42281003,7028100902,ajuschkama@ted.com
4554430,935517,7185877012,belflainmb@ucoz.ru
2676413,16714613,2817449410,wfeildmc@tinyurl.com
1420992,75940122,2564233748,afiddimanmd@google.co.jp
9512639,548686253,7131155362,csealeme@shop-pro.jp
1185474,636294458,2069580252,gtrasemf@scribd.com
3993283,743799,2817145309,tcleynemg@sun.com
1023684,2686686,8639560208,mmussettinimh@qq.com
7984843,32909723,9071520169,dwittmi@usda.gov
6926028,31190500,7028929101,eoruddenmj@woothemes.com
5983949,76126007,5169239987,ecasselymk@google.com.au
9731787,60432455,9495379763,abohmanmm@wp.com
8613579,49349531,7027607239,jtattammn@behance.net
9815760,49349774,7635419141,kboutelliermp@technorati.com
8251091,51346083,7857709514,tpittlemq@netvibes.com
1908439,64117150,3121488430,acassms@seattletimes.com
8806107,63739284,8586850770,rphettismt@mail.ru
4755163,36800523,3606258225,atoppermu@reuters.com
4665053,605052640,2063329222,yantognazzimw@amazon.co.uk
5656287,622960036,3036246971,bgiacomonimz@about.me
4431585,51143066,8658101519,facombn1@privacy.gov.au
2789089,63868926,3161549276,kden2@histats.com
7855844,9045869,7574975918,shumfreyn3@arizona.edu
3694310,21695146,3362252671,eprodrickn4@cafepress.com
3657448,50268453,7048989941,mbearwardn7@census.gov
7204586,53489590,7131804911,nciccottinin9@hugedomains.com
9236203,4401385,7651514119,swalkleyna@ucla.edu
8097516,369872079,5128110997,areppernb@about.com
9481965,68472132,8658709779,ajeanessonnc@printfriendly.com
2359026,489511037,4052475112,emaylamnd@illinois.edu
3722995,37000587,9899609080,zaartsenne@sciencedirect.com
5218039,55150125,4149822282,emarqueznf@google.de
5709562,3630057,4144899365,ithaxternh@yahoo.co.jp
4974331,16729248,2059916553,amargiottani@photobucket.com
4927228,76331807,5033227433,rhuelinnj@mayoclinic.com
8978172,369873262,7047580797,egunternk@hatena.ne.jp
2309886,49643104,8657874975,gbraziernn@soup.io
3423999,582320702,8042971313,asiviterno@dmoz.org
3391234,492880326,9718691575,npeddernp@nps.gov
2383619,65162642,4074879306,ostrewthersnq@foxnews.com
6655748,507308719,4847058462,ekornackins@de.vu
5549832,687880920,6022894164,uumplebynt@redcross.org
2522894,13537113,4231654353,hcordinglynv@is.gd
9006864,10019035,4106614453,snorthbridgenw@businessweek.com
3514130,63517101,5048528089,welliotny@skype.com
7833363,41163603,4404054797,gbardnz@house.gov
8873748,49967372,7727073854,stimmeso0@businessinsider.com
8245015,45802759,5026990225,tnewloveo1@list-manage.com
4917016,55648787,2135373658,slonghorneo2@go.com
2682651,42627257,3343207752,podempseyo3@cpanel.net
7147293,369872932,2397381470,wsinnotto4@nature.com
4720414,35356926,2022968744,tpehrssono5@wired.com
5828387,650441791,8167808665,elampenso6@youtube.com
2357030,5910932,2097175017,vcroleo7@shop-pro.jp
6704935,687451057,9518620351,rvaiseyo8@nytimes.com
8638249,13537048,8139639450,achilderhouseo9@hc360.com
6508335,635395195,9076771668,lchateauoa@cocolog-nifty.com
2610994,438570300,3025616303,hvanob@sourceforge.net
6991670,7812195,2021056768,wwinghamoc@barnesandnoble.com
1720120,1151232,6086089102,wdysertod@github.io
7165755,55655121,3147018979,tcromleyof@blinklist.com
9541436,43063260,5712355048,zchevalierog@usda.gov
2367292,65954382,5057604300,bbernardeauoh@360.cn
7847746,24385594,4053179391,gmcquieoi@forbes.com
9606984,2801146,5136942112,rbasilottaoj@ucoz.com
9969480,68645320,7133419862,imccumeskyon@creativecommons.org
3188553,62756552,2127519768,amaindsoo@wiley.com
1654604,4097139,9372885806,gyetmanop@flavors.me
2086734,851132,2176418431,vabramor@springer.com
8240976,37205844,4151437910,alodekeot@state.tx.us
7937876,489511191,6781837466,cmctrustrieou@tuttocitta.it
2498389,2681046,4044680115,femigov@cmu.edu
2752340,22431582,3186229090,ktrevillionow@dedecms.com
1476439,597622310,2033261264,dhyattox@accuweather.com
4353876,59450200,5155067235,rfilipsonoy@techcrunch.com
4466520,5550860,3181366417,gschwerinp0@about.me
3077978,41163156,5041382502,mkernaghanp3@oracle.com
7477083,75866306,9152588594,ffransinellip4@list-manage.com
6037341,16590987,3125292765,cbracchip5@odnoklassniki.ru
4128606,369872245,6825084887,dlindroosp7@odnoklassniki.ru
9410399,57844115,5134048250,btudbaldp8@businessweek.com
3393378,107428223,8305018513,bcridlanp9@is.gd
8032099,6034998,8031295844,ccriplepb@vinaora.com
6315877,686390001,6088358333,jdominellipc@youku.com
9260901,3785504,7653924786,kstockellpd@deliciousdays.com
4083560,53389251,9154046100,ajoselinpf@weather.com
1060715,52125774,5021076172,jbennitpg@abc.net.au
1318765,52959579,4808175338,jmacconnellph@oracle.com
1613678,551547566,9158576049,hbonhanpj@ucla.edu
2989936,55316426,4051275273,dshotterpk@wordpress.com
3635062,758570001,8602273949,wdourinpl@europa.eu
6553465,59779600,9171139791,fkirkmanpn@edublogs.org
6225787,46994329,8454546377,smarsterspo@lycos.com
1879933,548686220,8189548445,scrossinghampr@illinois.edu
7440256,3630604,2021452061,tpysonps@marketwatch.com
4495235,68382027,9492043472,twasbeypt@indiegogo.com
5605260,68472072,9408027294,cperelpu@github.com
9467792,4407805,4355165050,alangshawpw@npr.org
9281424,36800980,8164341505,msutherbypx@army.mil
7030674,681512871,6102552286,messerypy@reference.com
1148821,759043343,2176117491,ccanizarespz@cloudflare.com
9043862,597621412,8033450815,jfathersq0@surveymonkey.com
7141271,54575348,3375999659,atollq1@dmoz.org
1503128,5191357,7811418847,cpovallq2@nps.gov
2445211,41520140,7022918966,ecoppq3@myspace.com
7401373,76328333,6464507927,haudryq5@shinystat.com
4609951,636291671,5129149456,kfoyq6@nbcnews.com
3350431,68105005,2393786349,asuggettq7@histats.com
7894945,636295094,2033715513,kscotsbrookq8@theatlantic.com
4394914,435960011,5048426094,oallonbyq9@ucla.edu
8284070,575200034,6192786699,kshoobridgeqa@ycombinator.com
9054118,66259701,6146749191,ebaggettqc@about.me
8017833,24571111,7731764952,ustansbieqd@hibu.com
6195113,58474010,7191904530,bpolinqf@theglobeandmail.com
1873837,68382795,5031550778,rhamonqg@nytimes.com
4237230,23155128,3135093399,bhurichqh@boston.com
5214127,438570294,2132555536,wpiscotqi@wiley.com
9752496,37808230,3022101844,bveracruysseqj@google.com.hk
5371825,636291346,3145332582,tlidgertwoodql@deviantart.com
1447861,57664229,8138476221,gflahertyqm@facebook.com
6084540,559260014,8164585692,azukerqn@baidu.com
7647165,25021656,2036014916,rfantonqo@yahoo.com
2191295,339923003,4075919064,kcoslettqq@reuters.com
7690178,61727303,5612513124,srallinshawqr@youtu.be
5959623,49884929,5856491979,aocosgraqs@uol.com.br
1482700,52125595,3303798821,oargyleqt@cmu.edu
4083663,551543379,6062229568,dscottesmoorqu@barnesandnoble.com
1423313,548686090,9151521877,sgillinoqv@geocities.jp
4968402,68472081,8507730823,dscrubyqw@dmoz.org
2414547,10812204,3479828865,rglasscooqy@creativecommons.org
7391188,58214100,2158217480,kbigginr0@multiply.com
3774420,41250167,4344420666,rhumpager1@usgs.gov
9109462,49671002,3145236361,lhugginr3@salon.com
2924502,9045980,2081329083,imerrellr4@soundcloud.com
6027231,606817002,2109567181,kleebeterr5@msu.edu
7088095,60740,9162752214,theggr6@stumbleupon.com
5351396,636291468,7035638336,tokeshottr9@usnews.com
4050919,55711070,4344197151,ghuglera@edublogs.org
3317741,3630149,5127462727,ggristockrb@cdbaby.com
4728816,52054215,6176455606,vsheekeyrc@nps.gov
3284977,7815385,8083165213,icasettird@mit.edu
6813681,24987437,7131597116,bseedre@nasa.gov
8017908,575200401,7659428689,wdinnisrg@webs.com
9508853,369872288,4107231525,npiscopellori@rakuten.co.jp
4106230,489513141,5743675341,zthackstonrj@theglobeandmail.com
1609718,369871348,3022444452,tguesterl@google.de
9480181,2680030,4025916358,sbennettrn@google.com.hk
7913465,11559729,8017783176,alehemannro@tumblr.com
5599226,55143011,9189433464,abowickrp@wikia.com
7854077,49778001,8013849853,mlarkinsrr@4shared.com
