OrderID,CustomerID,OrderDate,ShipDate,ShipMode
2686694,60760224,2018-12-16,2019-03-14,Standard Class
6995728,67457594,2019-02-13,2019-03-06,Standard Class
42043251,58411135,2018-08-16,2019-01-20,Second Class
575201044,5915307,2019-02-22,2019-03-16,First Class
369873308,51655189,2018-09-06,2019-01-29,Second Class
118220580,658110001,2018-08-16,2019-03-24,Standard Class
24909111,31722328,2019-03-16,2019-01-24,Same Day
49527013,54162018,2018-06-30,2019-01-01,Second Class
52125325,449110060,2018-11-04,2019-01-16,First Class
45802283,548685732,2018-11-24,2019-02-24,Standard Class
50563202,9551015,2019-05-23,2019-03-29,Same Day
605121035,54838101,2018-12-02,2019-05-20,Same Day
548686162,49825119,2019-06-17,2019-01-21,Second Class
579558315,54799504,2019-04-25,2019-05-17,First Class
581180404,437420059,2018-08-12,2019-01-07,Same Day
65862082,687889728,2018-12-03,2019-06-01,Same Day
501690005,2282672,2018-08-06,2019-02-21,Same Day
49404204,21695215,2019-04-15,2019-05-20,Same Day
3630459,37000352,2019-06-03,2019-04-30,First Class
579552282,492880606,2018-11-12,2019-03-24,Standard Class
28107003,496931801,2018-12-03,2019-05-31,Second Class
538080349,23155141,2019-01-24,2019-05-31,Standard Class
13537217,655170027,2019-05-04,2019-02-20,Second Class
449110082,7039258,2018-09-09,2019-02-18,Second Class
55316647,50988176,2018-08-16,2019-06-04,First Class
16864002,551548252,2019-04-30,2019-04-27,Same Day
59779169,51143213,2019-06-02,2019-02-26,Same Day
5271366,42507612,2019-01-06,2019-03-02,First Class
37012160,76237162,2019-05-08,2019-03-04,Standard Class
636295233,692430610,2019-01-16,2019-05-09,Same Day
548684525,75936123,2018-11-28,2019-03-27,Standard Class
653421377,51346179,2018-12-09,2019-03-16,Standard Class
37000069,10849001,2018-10-19,2019-01-09,First Class
9045721,52125632,2018-09-26,2019-01-28,Second Class
584148748,538080603,2019-05-26,2019-03-17,Same Day
636294582,68387695,2018-08-23,2019-06-03,Second Class
47593363,6031384,2018-06-28,2019-05-03,Same Day
7813167,55289697,2018-11-11,2019-05-31,Standard Class
68084375,339924948,2018-09-05,2019-03-23,Same Day
16714387,49938102,2018-07-08,2019-02-17,Standard Class
51389107,24488032,2019-02-19,2019-01-28,Standard Class
504366858,11697373,2019-05-17,2019-03-30,First Class
4097926,437420339,2018-10-18,2019-03-01,Second Class
557142205,62499395,2019-06-01,2019-01-25,Standard Class
551546707,551546649,2018-10-20,2019-04-01,Second Class
765191011,51523018,2019-04-05,2019-02-23,Same Day
4401771,52959997,2019-02-23,2019-06-12,Second Class
55289410,37205458,2018-08-27,2019-02-18,Same Day
527091001,2680899,2018-11-04,2019-05-21,Same Day
66915613,65321515,2019-02-05,2019-06-14,Same Day
13107020,66854024,2018-09-02,2019-05-20,First Class
636294358,30142163,2018-11-27,2019-05-11,Same Day
438570292,687889178,2019-01-18,2019-04-23,Second Class
68016213,5177630,2019-04-14,2019-05-10,First Class
636291792,369871206,2018-09-20,2019-04-25,First Class
548686368,936126,2018-12-04,2019-04-06,Same Day
2806091,51060009,2019-06-03,2019-06-17,Second Class
76439209,55319533,2018-10-26,2019-04-25,First Class
53208447,4091163,2019-06-08,2019-04-04,Standard Class
6157565,61336001,2019-01-03,2019-06-11,Standard Class
581180212,1350460,2019-02-23,2019-04-19,Standard Class
548686209,53150411,2018-08-02,2019-01-26,Second Class
62032131,605601072,2018-10-01,2019-01-18,First Class
61722002,523803101,2018-08-23,2019-03-09,First Class
51138212,511411000,2019-03-26,2019-03-30,Same Day
492880231,7816523,2018-09-01,2019-06-17,Same Day
1730838,43196514,2018-07-05,2019-03-18,Same Day
681511020,63824750,2019-05-26,2019-01-04,Second Class
540254,64980183,2018-12-31,2019-05-08,First Class
55316249,35356844,2019-01-28,2019-04-03,Standard Class
10370116,68180403,2018-07-23,2019-03-12,First Class
61748014,24987562,2019-06-05,2019-03-28,Standard Class
59262601,548684250,2019-04-25,2019-06-13,Same Day
63824271,534990390,2018-09-23,2019-05-30,Second Class
3789104,13537110,2019-04-26,2019-01-27,Second Class
511412000,41520199,2018-11-20,2019-04-06,Second Class
51367008,9444351,2018-12-15,2019-05-24,Second Class
61748017,765191017,2019-04-14,2019-05-29,Second Class
9040304,45963538,2018-09-15,2019-05-11,Same Day
64455994,64117252,2019-06-17,2019-05-27,Second Class
25010215,43269669,2019-05-25,2019-05-01,Same Day
515140333,1850157,2018-12-26,2019-03-13,Second Class
2686706,24208544,2018-07-16,2019-02-04,Same Day
667159735,29149001,2018-08-04,2019-04-14,Same Day
64127085,2995980,2018-09-25,2019-05-27,Standard Class
59779949,672039,2019-05-30,2019-01-04,Same Day
31720208,557144426,2019-04-01,2019-02-17,First Class
52183369,37808008,2019-02-14,2019-01-22,Standard Class
4620395,650643,2019-05-25,2019-04-07,Standard Class
527317023,53746102,2019-06-01,2019-03-31,Second Class
581180017,55700020,2019-05-03,2019-05-24,Standard Class
673450784,2062100,2019-05-31,2019-03-21,Same Day
41250453,68462179,2019-01-05,2019-03-28,First Class
54473241,76439273,2019-01-04,2019-04-10,Second Class
57627156,52959144,2018-11-03,2019-03-20,First Class
63830221,64205101,2019-05-10,2019-04-04,Same Day
31722731,548686077,2018-08-02,2019-05-29,Second Class
43353914,5550140,2018-10-11,2019-01-11,Second Class
55648787,656910105,2019-04-23,2019-06-03,First Class
59614298,551549357,2018-10-25,2019-02-12,Standard Class
59630574,52125866,2018-08-25,2019-02-20,Second Class
437420489,54458907,2019-03-29,2019-04-17,Standard Class
501810003,33261228,2018-11-08,2019-04-02,Standard Class
49348553,115841060,2019-04-22,2019-03-09,Standard Class
45963346,3631024,2018-07-02,2019-01-19,Second Class
2700149,50268452,2018-12-23,2019-02-23,Same Day
36800443,37808817,2018-12-06,2019-03-10,First Class
9045186,68084009,2018-07-24,2019-05-25,Standard Class
538080251,65862599,2019-04-26,2019-01-16,Standard Class
650441060,519181001,2019-03-20,2019-04-03,Second Class
3781045,551546127,2018-09-23,2019-01-28,Second Class
7815526,369872014,2019-06-10,2019-04-16,First Class
16590954,61598200,2018-11-15,2019-05-26,Standard Class
55301619,55315455,2019-01-17,2019-02-17,Same Day
494940,59078039,2018-06-25,2019-03-25,Same Day
7816135,68026544,2019-01-21,2019-06-04,Standard Class
41250318,21695835,2018-12-24,2019-03-06,Standard Class
52125266,68084713,2019-06-01,2019-03-07,Standard Class
935514,49349191,2018-11-29,2019-01-21,Same Day
118220442,676045,2019-05-12,2019-05-12,Same Day
76420611,100960158,2018-07-20,2019-04-29,Second Class
3630438,5740427,2018-07-29,2019-01-23,Same Day
42808201,49715019,2018-07-06,2019-01-04,Second Class
59746216,605053780,2018-10-10,2019-01-08,Same Day
68428112,492880302,2019-06-12,2019-05-13,First Class
960738,50036571,2018-12-29,2019-04-12,Second Class
67544023,47335203,2018-12-23,2019-05-02,First Class
50580778,557144401,2018-09-20,2019-02-06,First Class
65003018,36800004,2019-02-20,2019-05-29,Standard Class
42254168,511415000,2018-08-19,2019-03-10,First Class
30142910,653420001,2018-07-10,2019-04-11,First Class
30142199,37205664,2018-10-06,2019-05-30,Same Day
645361269,681510329,2019-06-09,2019-05-23,First Class
557144418,61786020,2018-07-14,2019-04-05,Same Day
437420197,24488027,2019-05-17,2019-02-27,Second Class
58466033,47682903,2018-10-19,2019-05-16,Second Class
492880368,1130277,2019-04-03,2019-01-10,Standard Class
650442215,68220160,2018-11-29,2019-05-04,Second Class
68703100,55111697,2019-01-19,2019-01-05,Same Day
118222683,30142104,2019-04-23,2019-04-13,Standard Class
68382032,52959880,2018-10-10,2019-01-24,First Class
63304590,42043171,2019-01-31,2019-01-01,Same Day
136300035,59779115,2018-10-18,2019-02-27,Second Class
2680282,681514021,2018-09-13,2019-05-20,Standard Class
52667001,67046017,2018-10-17,2019-02-08,Second Class
68770120,691520006,2019-05-29,2019-06-03,Second Class
21695388,49348274,2018-12-14,2019-06-13,Same Day
437420012,53620101,2018-07-03,2019-04-12,Second Class
55289720,43353754,2019-04-13,2019-05-13,Same Day
76049002,650454,2019-05-12,2019-03-15,First Class
620110200,66758004,2018-11-30,2019-02-14,Same Day
590621381,650446693,2018-12-22,2019-03-10,Second Class
107428152,1210772,2018-06-19,2019-04-23,Second Class
117160003,664970001,2019-05-07,2019-03-11,Second Class
11410162,49348616,2019-03-08,2019-06-12,Same Day
68546325,635650001,2018-09-29,2019-04-27,Same Day
118220413,59262259,2018-12-26,2019-05-19,Standard Class
1872615,11564003,2018-08-21,2019-04-16,Same Day
64117136,66336099,2018-09-20,2019-05-20,Standard Class
504369803,636293279,2019-04-26,2019-01-25,Same Day
67467182,1680277,2018-07-11,2019-05-22,First Class
495800390,35356251,2019-02-08,2019-01-05,Second Class
75987021,76433002,2019-03-09,2019-05-13,Second Class
437420206,10348010,2018-11-26,2019-01-08,Second Class
538080369,6997051,2019-03-09,2019-05-25,Standard Class
548684101,687889141,2019-04-20,2019-03-27,Standard Class
763409001,2680654,2019-04-03,2019-04-07,Same Day
63323125,42549497,2019-05-23,2019-02-13,Same Day
10122321,53305074,2019-04-17,2019-05-28,Same Day
49999885,43269780,2019-04-17,2019-03-11,Standard Class
687880686,536031006,2019-05-19,2019-04-08,Standard Class
190862,681511471,2019-04-02,2019-03-21,Standard Class
52862008,49349272,2019-01-21,2019-04-07,Second Class
41520678,63029633,2018-09-14,2019-03-16,Same Day
3952655,489518189,2018-10-08,2019-02-25,Second Class
531444001,35356882,2018-10-29,2019-05-22,First Class
555049003,41163478,2019-04-28,2019-02-22,Standard Class
490032,60429028,2019-05-12,2019-04-12,Same Day
33261825,63187181,2019-06-17,2019-02-05,First Class
49999378,36800010,2018-08-11,2019-04-16,Second Class
52125019,49349926,2019-05-26,2019-03-30,Second Class
42858302,628392810,2019-02-02,2019-02-14,First Class
11344919,551545676,2018-09-18,2019-02-21,Same Day
548683363,52686320,2018-08-01,2019-05-28,First Class
64058242,59115130,2018-11-24,2019-04-17,Standard Class
65862059,15127311,2018-10-09,2019-01-02,Standard Class
492880145,16571150,2019-02-09,2019-02-25,Second Class
1791435,54340809,2018-07-26,2019-04-23,Second Class
41900500,24385549,2019-02-28,2019-02-20,First Class
14783438,55711066,2019-05-01,2019-03-27,Standard Class
2686638,59054140,2019-01-05,2019-04-18,Same Day
52959596,438570026,2019-03-29,2019-05-31,Standard Class
43353538,61667001,2018-12-27,2019-06-03,Same Day
54575349,55316478,2019-06-08,2019-02-05,Same Day
492880864,538080737,2018-10-02,2019-01-18,Same Day
35000586,60429981,2019-01-23,2019-06-02,Standard Class
63402515,590621227,2019-04-12,2019-05-09,Second Class
68645151,7811971,2018-10-08,2019-04-02,First Class
581182528,548681971,2019-02-14,2019-05-03,Second Class
67877169,1214675,2018-07-25,2019-05-17,Standard Class
1875205,66312110,2018-11-05,2019-02-22,Same Day
69097148,57337061,2019-04-22,2019-06-03,Same Day
44924013,11673165,2019-01-15,2019-01-14,Standard Class
5912230,108193737,2019-02-15,2019-06-11,Second Class
21695604,52533024,2018-08-02,2019-03-26,First Class
41268215,41163271,2018-12-11,2019-03-10,First Class
44929001,10337332,2019-04-15,2019-05-15,Same Day
664673740,68405014,2019-05-25,2019-04-30,Standard Class
687880600,606812105,2018-06-22,2019-03-27,Same Day
51444002,15127831,2018-10-10,2019-01-17,Same Day
43063209,65862536,2019-04-24,2019-02-16,First Class
2283504,44717536,2019-02-09,2019-01-12,Same Day
50804360,115237371,2018-11-04,2019-04-09,Second Class
679382009,3787185,2018-09-26,2019-04-05,Second Class
49349277,37000199,2018-08-11,2019-06-13,Standard Class
557142203,16590080,2019-02-13,2019-04-23,Standard Class
61919416,67253264,2018-11-16,2019-05-17,Second Class
49967033,5913602,2018-07-30,2019-05-01,First Class
545692933,67046806,2019-06-03,2019-05-20,Same Day
548684850,21695285,2019-06-12,2019-05-29,First Class
49999449,60429505,2018-10-27,2019-03-20,Standard Class
76439142,682586100,2019-05-07,2019-03-11,First Class
43526103,52584024,2018-11-06,2019-03-02,Standard Class
52125245,369871607,2019-01-21,2019-02-13,Same Day
937394,492150001,2018-11-04,2019-05-01,First Class
118960018,50563112,2019-06-11,2019-02-23,Standard Class
515140304,52642006,2018-12-18,2019-02-06,First Class
68462205,5551056,2019-06-05,2019-04-03,Second Class
63187185,41250467,2019-01-04,2019-02-15,First Class
51060010,76237153,2018-11-27,2019-04-18,Same Day
545690650,55143012,2018-11-17,2019-01-17,First Class
50970003,35356301,2019-01-20,2019-05-29,First Class
398224200,101579875,2019-01-05,2019-01-01,Second Class
11084704,369871048,2018-09-02,2019-05-15,First Class
63739231,58411102,2019-03-24,2019-04-20,Second Class
52993125,687889942,2018-09-13,2019-05-11,First Class
66975354,16590244,2018-08-12,2019-04-03,Standard Class
66336002,63739283,2018-10-13,2019-02-23,First Class
650442042,641596989,2019-04-24,2019-02-05,First Class
551542416,50844753,2019-02-19,2019-02-12,Standard Class
49967075,14783323,2018-07-29,2019-01-14,First Class
21695678,548685607,2019-06-13,2019-05-11,First Class
581180570,582329911,2019-03-03,2019-02-10,Same Day
46122028,36800647,2018-08-09,2019-05-19,Same Day
25021824,118220900,2019-02-28,2019-02-24,Same Day
55289463,434581004,2019-02-01,2019-02-23,Second Class
548683157,37808437,2018-09-25,2019-05-17,First Class
15127258,68135020,2019-05-21,2019-01-30,Second Class
52959737,42411043,2018-08-19,2019-03-07,Same Day
533461323,18860678,2018-10-30,2019-04-27,Same Day
653420100,51060045,2018-12-11,2019-01-31,Second Class
65903247,47593359,2019-01-19,2019-05-07,Second Class
2680275,61245146,2019-03-18,2019-02-28,Same Day
36800366,4563407,2019-02-04,2019-01-21,First Class
449110022,49349866,2019-03-06,2019-06-09,Standard Class
3781160,49349952,2019-03-07,2019-04-20,Second Class
438570030,24236063,2019-05-30,2019-01-04,Same Day
49614228,59011444,2019-04-17,2019-05-02,Standard Class
557144409,492880176,2018-07-17,2019-05-31,Second Class
551549429,68752025,2019-01-08,2019-05-19,Same Day
934160,630141600,2018-10-05,2019-05-31,Standard Class
49035202,16864001,2018-10-26,2019-04-07,Standard Class
54473210,538080396,2019-05-17,2019-02-19,Same Day
37205187,14783451,2018-11-12,2019-04-17,First Class
582320749,691520078,2019-04-26,2019-02-06,Same Day
11673245,68387802,2019-02-28,2019-05-06,Standard Class
41250854,369872864,2018-07-03,2019-02-17,Standard Class
575200332,57237025,2019-01-31,2019-04-23,Second Class
49999338,6820334,2018-07-14,2019-03-26,Standard Class
687880384,2583687,2018-10-03,2019-02-17,Second Class
49348847,682583024,2018-07-29,2019-01-16,First Class
763404001,61722160,2018-12-19,2019-04-11,Second Class
4408505,54340779,2019-01-08,2019-06-07,Same Day
1350532,13734023,2018-07-20,2019-02-24,Second Class
65121885,7813315,2018-09-16,2019-05-19,Standard Class
575200500,41163496,2019-02-16,2019-06-13,Standard Class
17575006,60951,2018-10-06,2019-01-28,Standard Class
61727310,61755001,2018-11-30,2019-05-15,Same Day
489517023,489516040,2018-07-29,2019-04-28,Second Class
24488021,68391517,2019-02-05,2019-01-06,Standard Class
15127989,60429369,2018-08-02,2019-01-25,Same Day
66758054,30142406,2019-02-10,2019-03-12,Same Day
68400311,45802806,2019-03-20,2019-03-23,First Class
21695572,43269612,2018-09-21,2019-06-04,Standard Class
605126350,551541855,2019-01-10,2019-01-17,Same Day
11410800,49967159,2018-07-06,2019-03-08,Second Class
545690322,59746211,2019-04-23,2019-02-22,Second Class
339920054,61047817,2019-03-09,2019-02-04,First Class
539507007,504364379,2019-03-03,2019-02-15,Second Class
40085215,42627229,2018-08-04,2019-01-08,First Class
16477152,68703004,2018-11-27,2019-04-05,First Class
2583687,65365005,2018-07-06,2019-06-02,Same Day
662881300,6410948,2019-06-04,2019-01-30,Standard Class
1350504,551543437,2019-01-04,2019-01-11,Same Day
10812510,59779224,2018-11-11,2019-01-29,Second Class
548685768,2686635,2019-02-04,2019-01-27,Same Day
100969182,545692483,2018-08-08,2019-01-21,Standard Class
65862526,16477811,2019-05-04,2019-02-14,Same Day
49884650,52544044,2019-01-18,2019-02-18,First Class
1790155,21695473,2018-10-04,2019-05-25,Standard Class
56062027,70253348,2018-07-05,2019-06-15,Second Class
76075101,64406016,2018-11-18,2019-01-23,Second Class
63304445,7130166,2019-02-18,2019-03-12,Same Day
43269834,3631298,2018-10-01,2019-06-02,Second Class
492880456,679381397,2019-02-04,2019-01-08,First Class
54057682,54838144,2018-12-18,2019-01-18,Standard Class
35356197,53113266,2019-02-15,2019-02-07,Standard Class
52083601,2680807,2019-05-23,2019-04-02,First Class
438570117,58517340,2019-03-02,2019-05-18,First Class
650446518,3786201,2018-11-11,2019-03-26,First Class
2282801,98132728,2019-03-17,2019-01-02,Same Day
52054512,234964,2018-08-08,2019-03-13,Same Day
438570294,616570959,2019-03-09,2019-03-16,Same Day
60432604,682588973,2018-07-24,2019-04-22,Second Class
5915621,605050265,2019-06-03,2019-03-17,Second Class
49349206,46123039,2019-03-08,2019-01-01,Same Day
55289962,59779405,2018-10-23,2019-01-06,Same Day
449110014,3639170,2019-04-03,2019-02-05,Standard Class
68828067,41163120,2018-09-02,2019-01-02,Standard Class
52125531,545690843,2019-02-16,2019-01-03,Second Class
616011127,49778002,2019-05-03,2019-03-23,Second Class
76049620,650530,2018-07-12,2019-03-27,First Class
42254065,551544651,2018-10-03,2019-02-25,Standard Class
5731915,1871221,2018-09-13,2019-06-04,Standard Class
504362899,59779574,2018-10-02,2019-03-15,Second Class
3781150,55289531,2018-08-25,2019-04-15,Same Day
52810702,60429288,2019-03-25,2019-04-29,Second Class
534995149,369871248,2018-12-11,2019-03-01,Same Day
61442363,30142462,2018-07-13,2019-05-02,Second Class
51655439,641597693,2019-01-20,2019-01-30,First Class
61328001,61919992,2019-06-06,2019-04-14,Second Class
548686366,489518160,2019-02-14,2019-05-31,Second Class
5550286,30142733,2018-12-05,2019-06-14,Standard Class
49035150,43063051,2018-09-27,2019-02-27,First Class
24236004,50300010,2018-06-30,2019-05-02,Same Day
33261460,548684986,2018-07-02,2019-03-22,Standard Class
63187159,605126032,2019-03-14,2019-01-07,Standard Class
51452004,53877009,2018-12-11,2019-01-25,Second Class
59958200,1780370,2019-02-08,2019-02-21,Second Class
43419803,50458515,2019-03-31,2019-01-19,Standard Class
37205186,55111396,2018-10-23,2019-06-03,Same Day
67457238,65923703,2019-03-04,2019-02-03,Standard Class
65663019,5559027,2019-04-25,2019-04-14,Second Class
4401481,68647167,2019-04-24,2019-05-30,First Class
55910975,15828106,2018-09-10,2019-01-06,Standard Class
1790128,679380904,2019-02-14,2019-03-27,Standard Class
2649010,1790080,2018-07-22,2019-01-03,Second Class
64117979,42254305,2019-03-08,2019-01-15,Same Day
13668344,7815527,2019-05-04,2019-05-17,Same Day
551540680,52584626,2019-02-21,2019-04-26,Second Class
49999059,57664203,2019-04-17,2019-04-11,Standard Class
54473231,21695015,2019-04-18,2019-05-10,Same Day
10202384,10705077,2018-11-27,2019-05-22,Same Day
60637013,55316994,2018-07-31,2019-05-01,Standard Class
548681093,15127335,2018-10-05,2019-04-10,Second Class
492880906,36000175,2019-02-28,2019-02-21,Standard Class
548680268,54295307,2019-04-10,2019-01-12,Standard Class
101911829,42549604,2018-08-27,2019-02-23,First Class
606811005,57344018,2018-06-28,2019-01-23,Second Class
616990047,10812421,2019-02-09,2019-02-10,Same Day
50225355,557142351,2018-10-27,2019-04-11,First Class
49884310,3380520,2018-10-25,2019-04-07,Standard Class
504360165,12634537,2018-08-26,2019-03-05,First Class
3100279,521240107,2018-10-26,2019-01-16,Second Class
5271376,575200112,2018-07-08,2019-04-29,First Class
49527801,4620264,2019-02-03,2019-03-27,Second Class
68645477,76293037,2019-04-18,2019-03-27,Standard Class
37808167,7815613,2018-10-09,2019-05-25,Same Day
548680262,575200203,2019-04-21,2019-04-18,First Class
6033968,52685427,2018-12-07,2019-02-24,Standard Class
59316103,50563149,2018-08-12,2019-04-19,First Class
649421096,100960181,2019-05-02,2019-02-16,Standard Class
50419409,49349381,2019-06-01,2019-06-11,First Class
14290376,6156557,2018-07-15,2019-04-19,Standard Class
533461351,68084513,2018-07-30,2019-05-26,Same Day
16590301,5364086,2018-09-30,2019-05-29,Second Class
50804080,59663110,2019-05-17,2019-03-30,First Class
55312053,52584950,2019-05-20,2019-04-05,Second Class
30142313,1350505,2019-01-18,2019-02-02,Second Class
53329089,49349892,2019-02-04,2019-02-08,Second Class
692443001,6157507,2018-11-06,2019-03-24,Standard Class
2209314,935142,2019-02-03,2019-02-17,First Class
42254305,498171992,2018-12-24,2019-04-23,First Class
513936778,49283511,2018-06-30,2019-05-01,First Class
5910338,36800262,2019-02-22,2019-03-13,Same Day
49349361,489511035,2019-02-02,2019-01-02,Standard Class
64406005,5271326,2018-12-12,2019-02-25,Same Day
21695900,52862201,2019-01-03,2019-01-16,Same Day
41250897,551543953,2018-12-11,2019-02-08,Same Day
37000363,551545627,2018-11-12,2019-01-04,Standard Class
55910105,647250773,2018-12-11,2019-01-28,First Class
679382006,548680644,2019-03-11,2019-03-19,Same Day
16781391,504366624,2018-12-15,2019-06-07,Standard Class
636291398,369873322,2018-08-29,2019-01-31,Same Day
65862156,49349872,2018-09-24,2019-02-26,Second Class
68703126,3783000,2018-12-08,2019-03-06,Standard Class
63874687,369873131,2019-05-05,2019-03-04,Same Day
6034467,4720166,2018-09-10,2019-04-19,Same Day
619571025,636294018,2018-07-11,2019-02-09,Second Class
52125451,606812301,2018-07-01,2019-02-17,Second Class
68084713,55910664,2019-01-30,2019-03-05,Second Class
11673510,52083637,2018-11-05,2019-01-19,Second Class
30142008,67386421,2018-12-30,2019-01-29,Same Day
11673679,3380047,2019-04-03,2019-03-02,Standard Class
10812094,55289251,2019-01-30,2019-03-11,Standard Class
21695693,21695628,2018-11-10,2019-06-11,Second Class
58276015,49348934,2018-09-02,2019-06-13,Same Day
691520018,55289663,2018-10-13,2019-05-21,Standard Class
61767306,636291605,2018-09-01,2019-02-20,First Class
649421352,118220656,2019-04-25,2019-03-24,Second Class
1730453,61328001,2018-08-21,2019-05-08,Same Day
590451001,504368102,2019-04-23,2019-03-02,Second Class
55910804,54111113,2019-04-10,2019-03-09,First Class
369872526,30698202,2018-10-01,2019-05-22,Second Class
46122255,4300115,2018-07-25,2019-04-27,Same Day
369871667,24115,2019-01-04,2019-05-27,Second Class
42507090,650446590,2018-11-06,2019-05-18,Standard Class
653421007,56149001,2018-12-21,2019-01-23,Standard Class
53329019,55648953,2018-09-24,2019-02-10,Same Day
16714588,2681139,2019-02-14,2019-03-24,Standard Class
59726258,492880142,2018-10-02,2019-01-16,Same Day
548685759,64117118,2019-01-08,2019-03-29,First Class
930173,15127550,2019-05-22,2019-05-06,First Class
581181391,369871770,2019-02-28,2019-04-21,First Class
551545102,636294730,2019-01-08,2019-06-05,First Class
55513924,595358101,2018-07-23,2019-01-21,Standard Class
30142098,47593507,2018-11-28,2019-05-30,Standard Class
49349284,68647193,2018-09-16,2019-05-18,Standard Class
51442543,438570150,2019-01-04,2019-06-13,Standard Class
101911569,59970051,2019-05-12,2019-01-23,First Class
548684096,37000555,2018-07-22,2019-05-09,Same Day
369871664,11673027,2019-05-04,2019-04-23,First Class
44567802,69075001,2019-05-28,2019-01-23,First Class
65862155,492880826,2019-04-15,2019-03-09,Standard Class
437420175,13537503,2018-09-11,2019-04-24,First Class
6151311,55550102,2019-03-06,2019-02-02,Standard Class
62750060,650441437,2018-10-25,2019-06-04,First Class
21130002,51785514,2019-02-03,2019-03-15,Same Day
622960021,540435,2019-01-19,2019-01-06,Same Day
687889204,548181,2019-02-26,2019-02-01,Standard Class
65585511,53489330,2019-02-27,2019-03-05,Same Day
10544227,681511174,2019-04-22,2019-05-14,Standard Class
41163413,35356698,2018-10-31,2019-04-30,Same Day
63824303,636295191,2019-01-28,2019-05-31,First Class
50988400,1680279,2018-06-25,2019-02-19,Second Class
687889714,52959386,2018-12-12,2019-05-18,Same Day
551546027,369872212,2018-08-04,2019-02-08,Standard Class
581180031,61715118,2019-03-15,2019-03-31,Standard Class
559260021,52810411,2019-03-01,2019-04-04,Second Class
76436204,66993902,2018-12-25,2019-03-17,Second Class
582320016,76439218,2019-04-10,2019-06-12,Standard Class
43353815,7037045,2019-03-13,2019-01-09,Standard Class
55111220,21695655,2018-07-04,2019-06-07,First Class
763293301,63323086,2018-08-10,2019-01-01,First Class
76354005,3638130,2019-03-31,2019-04-06,Standard Class
55289816,55305116,2018-10-13,2019-03-08,Standard Class
59779930,2681007,2019-04-12,2019-03-12,Same Day
540243,65966001,2018-07-12,2019-02-13,First Class
54458916,51079575,2019-05-07,2019-04-24,First Class
575200360,53877006,2019-03-12,2019-01-15,First Class
55312332,66116402,2019-03-29,2019-01-13,First Class
104772627,61715108,2019-03-29,2019-01-20,Standard Class
690079,52033001,2019-01-09,2019-01-03,First Class
41520958,605050821,2019-02-26,2019-06-09,Second Class
52376021,42507374,2018-08-29,2019-03-03,Standard Class
50580134,14783099,2019-04-20,2019-02-12,Same Day
4060367,682583032,2019-01-28,2019-02-08,Second Class
33261342,369871519,2019-01-31,2019-04-25,First Class
4720911,21130255,2018-11-14,2019-01-11,Second Class
64024970,12830739,2019-01-09,2019-02-01,Second Class
54170110,49035393,2019-03-30,2019-04-20,Standard Class
636292882,63323117,2019-04-26,2019-03-05,Second Class
9551041,696001,2018-08-30,2019-01-08,Standard Class
64720321,616994888,2018-12-27,2019-04-25,Same Day
411670031,649421305,2019-03-21,2019-04-29,Standard Class
118220542,492880591,2018-11-30,2019-03-31,Standard Class
437420087,548681590,2018-09-04,2019-02-06,First Class
41250829,687889203,2019-01-11,2019-05-07,First Class
605121017,59572205,2018-10-25,2019-03-13,Standard Class
59779620,51808210,2018-11-12,2019-02-03,First Class
48433311,63739805,2019-04-27,2019-04-29,First Class
13537220,50242075,2018-10-29,2019-02-26,Same Day
3951213,49349677,2019-04-26,2019-04-09,Second Class
75887003,52959009,2018-09-22,2019-01-10,Second Class
41520114,545691155,2019-02-17,2019-03-26,Second Class
5913964,438570023,2019-02-02,2019-05-22,Second Class
55711070,606811002,2018-10-01,2019-04-24,First Class
489512084,68682004,2018-07-13,2019-01-11,Standard Class
548528,9046191,2018-09-04,2019-01-13,First Class
100960258,10544151,2018-12-14,2019-02-08,Standard Class
44523603,118226101,2019-05-30,2019-04-30,Second Class
63323127,51655102,2019-05-29,2019-03-08,Same Day
68737226,4093213,2019-06-10,2019-04-08,Standard Class
2681138,501148500,2018-07-25,2019-05-06,First Class
24385054,33237002,2018-11-13,2019-06-12,Standard Class
60793130,551542734,2018-07-27,2019-01-10,First Class
50383063,672960470,2019-05-11,2019-01-31,First Class
65862134,37012484,2018-07-12,2019-06-17,First Class
575200503,11527163,2018-11-11,2019-04-24,Second Class
676025,369872792,2019-01-30,2019-01-02,Same Day
16590609,1130973,2019-03-09,2019-06-08,Standard Class
64117250,581181260,2019-01-27,2019-02-02,Standard Class
14720372,63010011,2019-05-02,2019-01-26,Second Class
1132476,37808351,2018-12-29,2019-04-30,Same Day
369871216,593510333,2019-03-11,2019-04-07,Standard Class
68001133,52685454,2019-01-29,2019-02-24,Second Class
107428368,24465,2019-05-23,2019-06-17,Same Day
548684381,63187087,2019-01-18,2019-06-08,First Class
37808431,41520873,2018-12-30,2019-01-13,Second Class
3780344,49349336,2018-07-18,2019-01-14,Standard Class
3782017,10812604,2018-07-26,2019-03-29,First Class
605126646,636291558,2018-10-24,2019-04-28,Standard Class
49349334,4980401,2018-12-19,2019-02-18,First Class
54738908,23155014,2018-09-24,2019-03-29,Standard Class
851110,548686162,2018-08-22,2019-03-06,Same Day
43353867,60760978,2019-05-26,2019-02-24,Same Day
682587980,118220450,2019-05-01,2019-01-28,First Class
581181342,63730292,2018-09-06,2019-06-06,Standard Class
37205607,60429354,2018-10-09,2019-05-17,Second Class
523800540,2830679,2019-04-17,2019-04-24,Standard Class
76113012,4560095,2019-05-01,2019-05-10,Same Day
61245145,501810038,2018-07-16,2019-01-17,Same Day
51389119,609711176,2018-12-04,2019-01-22,Second Class
758571100,55301411,2019-02-01,2019-02-06,Second Class
49967206,44523450,2018-12-26,2019-01-26,First Class
12462201,649420894,2018-07-25,2019-02-27,Standard Class
49738872,548685585,2019-02-24,2019-04-14,Same Day
369871842,22700143,2019-06-01,2019-04-29,Same Day
132651,369873061,2019-05-01,2019-05-11,First Class
24330410,59310175,2018-11-26,2019-04-11,Second Class
24987242,47781103,2018-10-23,2019-01-05,Same Day
55648967,67692148,2019-03-06,2019-05-26,Standard Class
2701314,3783005,2018-12-16,2019-04-17,Same Day
76509800,68084734,2019-03-03,2019-01-18,Second Class
55289390,369873362,2019-01-22,2019-04-09,First Class
57691108,23155112,2018-11-19,2019-02-18,Second Class
51523006,64125127,2019-02-17,2019-02-24,Second Class
369873350,45802770,2019-03-09,2019-04-29,Standard Class
582320721,369873360,2019-06-15,2019-01-03,Second Class
57237082,3951003,2018-12-14,2019-04-18,Same Day
6034979,513937336,2019-06-04,2019-01-29,Standard Class
53208377,4090219,2019-01-10,2019-06-09,Same Day
649420819,75936113,2018-12-17,2019-03-25,Second Class
7819404,51386300,2019-05-06,2019-06-01,Second Class
2681524,50988183,2018-10-25,2019-03-08,First Class
43269694,59779349,2019-05-23,2019-04-18,First Class
51346230,52533103,2018-08-09,2019-03-28,Second Class
693120,41190915,2019-02-17,2019-03-24,Standard Class
492880349,68345965,2018-07-29,2019-06-06,Same Day
42508157,687889164,2019-06-16,2019-03-17,Standard Class
551545154,669696014,2019-02-14,2019-02-05,Second Class
673450681,482560011,2019-01-04,2019-03-07,Same Day
59078031,6032433,2019-02-22,2019-02-09,Same Day
650446695,5970058,2019-02-25,2019-06-07,First Class
102673852,4850096,2019-02-04,2019-05-18,First Class
64092802,67457483,2018-08-19,2019-02-11,Second Class
687889038,41520851,2018-07-11,2019-01-24,Standard Class
548680029,49738201,2018-10-13,2019-01-07,Same Day
1723759,581180517,2018-08-02,2019-01-19,Second Class
664679730,42507944,2019-06-11,2019-05-15,Second Class
60432741,46122500,2019-01-11,2019-01-13,Second Class
53057010,597626722,2019-04-06,2019-05-27,Same Day
55315189,505733560,2019-01-26,2019-04-23,Second Class
687889525,3784513,2018-07-17,2019-04-24,First Class
636291595,68016115,2018-07-22,2019-03-08,Same Day
58914012,33261158,2019-02-26,2019-06-06,Second Class
50742109,63736013,2018-12-06,2019-04-03,Same Day
438570337,515315397,2018-10-24,2019-04-29,First Class
33261082,3631005,2019-05-30,2019-04-22,First Class
595351051,54162004,2018-12-04,2019-01-04,Standard Class
534050003,551542095,2019-03-21,2019-03-09,Same Day
369871245,6151590,2019-03-18,2019-04-07,Standard Class
49230203,619950212,2019-01-08,2019-03-04,Same Day
55319050,21695975,2018-07-04,2019-05-07,Same Day
981322132,63044203,2018-08-20,2019-02-18,Standard Class
52959655,7815949,2018-08-24,2019-01-20,Standard Class
605126445,41250236,2018-12-08,2019-03-19,Standard Class
650440611,68180750,2018-12-11,2019-03-27,Second Class
51389255,40042050,2019-02-18,2019-01-01,Same Day
619572150,369872177,2019-03-25,2019-04-08,Same Day
575200638,3386307,2018-11-18,2019-01-08,Second Class
636293325,51824014,2019-06-15,2019-03-06,Standard Class
51386400,52125357,2018-09-24,2019-02-17,Second Class
758479001,50268688,2019-04-16,2019-04-18,Same Day
13537110,30142001,2019-06-09,2019-01-07,Same Day
59746177,68001215,2019-04-28,2019-05-29,Same Day
619570001,62932144,2018-09-25,2019-04-03,First Class
433379328,5271325,2019-03-30,2019-03-13,Same Day
605052782,63187133,2018-11-01,2019-03-10,First Class
43063438,489517053,2018-06-26,2019-02-03,Standard Class
59279514,64764151,2018-08-05,2019-04-16,First Class
63941238,677501234,2019-04-12,2019-03-18,First Class
58517360,584430024,2018-10-30,2019-03-05,Second Class
68645021,59779101,2018-07-23,2019-02-09,Standard Class
9980408,60916002,2019-04-01,2019-03-27,First Class
50268061,59115056,2018-06-28,2019-04-19,Standard Class
636293355,538080218,2018-10-28,2019-02-26,Second Class
52125805,66479581,2019-04-01,2019-04-29,Same Day
40259,11673067,2019-06-16,2019-04-27,Same Day
49738178,606607786,2018-11-27,2019-06-09,Standard Class
548680113,49349472,2019-01-31,2019-05-21,Same Day
2680710,35356544,2018-07-09,2019-05-20,First Class
67046231,16590036,2019-06-01,2019-05-26,First Class
930132,437420185,2018-12-29,2019-03-06,First Class
10631093,3630657,2018-09-03,2019-05-05,First Class
27505002,438570238,2019-06-15,2019-05-01,Standard Class
369871208,582320024,2018-12-20,2019-01-30,First Class
3951207,54575338,2018-10-06,2019-01-25,Same Day
42346200,37808595,2018-08-11,2019-05-02,Same Day
50458178,117168653,2019-05-13,2019-06-16,Same Day
575200781,68428740,2018-09-06,2019-03-07,First Class
526540004,3630443,2018-06-26,2019-05-07,Same Day
24208732,41250117,2018-08-05,2019-02-26,Standard Class
75862021,55118545,2018-11-27,2019-05-31,Standard Class
5910885,10631099,2019-03-22,2019-02-18,Standard Class
682581972,369872341,2019-03-01,2019-05-08,Same Day
50563200,55648177,2018-07-09,2019-04-21,Second Class
11489074,527317003,2018-07-24,2019-04-14,First Class
649421176,132653,2019-05-18,2019-03-02,Same Day
551542364,1730756,2018-08-16,2019-03-04,First Class
63736918,2686699,2019-05-19,2019-01-10,Standard Class
1730842,636295013,2018-11-20,2019-01-28,First Class
52125827,49348788,2019-02-27,2019-01-04,First Class
13537148,108195808,2019-02-22,2019-01-29,Second Class
30142246,1791804,2018-12-04,2019-04-11,First Class
10578004,59088864,2018-12-29,2019-03-07,Standard Class
43063354,586684281,2019-04-16,2019-05-18,Same Day
50988177,1730772,2019-01-23,2019-05-30,Standard Class
68428035,104770809,2019-02-26,2019-01-23,First Class
651132428,100960280,2018-07-25,2019-02-13,Second Class
61314237,415957009,2018-10-31,2019-02-22,Second Class
33261810,54838551,2018-12-28,2019-05-09,First Class
687451035,68180902,2019-03-27,2019-05-04,Standard Class
579556044,41520092,2018-11-08,2019-05-06,Second Class
1439681,101571010,2018-10-13,2019-01-09,Standard Class
1130459,43419028,2018-11-27,2019-02-22,First Class
437420195,52584900,2018-11-21,2019-03-18,First Class
67234014,339920100,2018-08-16,2019-01-08,Standard Class
64205006,52584053,2018-07-23,2019-01-02,First Class
687889777,346454001,2019-05-28,2019-01-11,First Class
13537171,603192001,2019-05-31,2019-05-01,Second Class
55312994,52915070,2019-01-13,2019-06-04,First Class
51367016,62756093,2018-11-09,2019-04-11,Second Class
551544959,557144520,2019-03-10,2019-01-23,Same Day
6032109,610105400,2019-04-11,2019-06-14,Second Class
51815216,51769980,2018-07-30,2019-04-24,Same Day
30142770,52125618,2018-07-11,2019-06-07,Standard Class
2681069,63304581,2019-02-26,2019-05-20,First Class
49884397,64679743,2019-02-20,2019-01-06,Same Day
35356125,662881100,2019-03-22,2019-03-16,Same Day
16590016,37012335,2018-07-17,2019-02-04,Second Class
551548273,1872205,2018-07-16,2019-04-09,Same Day
51079375,551545880,2018-12-28,2019-06-03,Second Class
575200955,24909606,2019-02-27,2019-05-11,Standard Class
49781100,13913011,2018-09-01,2019-05-07,Second Class
536451020,649421174,2018-12-01,2019-01-20,Standard Class
6150828,81123,2019-02-15,2019-01-16,First Class
521641105,43063024,2019-05-01,2019-05-29,Same Day
49999192,52533080,2018-08-20,2019-03-30,Second Class
124880200,59779389,2018-10-07,2019-01-16,Same Day
50988179,47682101,2019-03-15,2019-05-11,Standard Class
549730617,551542431,2019-05-04,2019-05-16,First Class
551545128,61722060,2018-09-25,2019-03-11,Same Day
65862148,61139513,2018-11-19,2019-06-08,Standard Class
37000410,55316998,2018-11-14,2019-03-27,Second Class
1130166,548685545,2019-02-18,2019-01-07,Second Class
13537254,650442320,2019-01-10,2019-04-30,Same Day
59779324,68016081,2019-02-03,2019-02-04,Second Class
673450782,37808416,2019-03-18,2019-05-09,Standard Class
5970001,1680151,2019-06-16,2019-01-17,Second Class
780592,53247330,2018-12-24,2019-01-23,First Class
49967715,42957001,2018-12-23,2019-04-24,First Class
579550815,489513145,2019-04-30,2019-03-25,Second Class
538080712,37808386,2018-10-28,2019-04-08,Second Class
51621038,20276433,2018-09-13,2019-02-12,Same Day
66336135,41268441,2019-02-08,2019-04-04,First Class
43269835,551547453,2019-02-21,2019-01-07,First Class
56062288,541187188,2018-08-29,2019-02-17,Second Class
52642006,46122245,2018-07-11,2019-02-22,Second Class
4980015,61314294,2019-01-03,2019-03-17,Second Class
59547310,64117228,2019-02-04,2019-05-27,First Class
1790013,42546175,2018-12-11,2019-01-27,Second Class
57237095,758571123,2019-03-22,2019-02-18,First Class
692980,55648172,2019-05-08,2019-03-19,Second Class
37808604,76461910,2018-08-12,2019-04-05,Standard Class
1850055,549733112,2018-12-04,2019-06-17,First Class
67457198,64117293,2018-09-19,2019-06-07,Standard Class
538080748,55312160,2018-09-07,2019-05-18,Standard Class
636293868,242792,2018-12-10,2019-05-27,First Class
55758005,369872585,2019-05-22,2019-05-26,First Class
369873172,42291886,2019-01-21,2019-04-08,Second Class
47335924,59746383,2018-08-16,2019-04-05,Standard Class
5913221,50484303,2019-02-07,2019-02-08,Standard Class
49349796,50438102,2018-10-19,2019-05-07,Same Day
41250299,1130425,2019-02-06,2019-02-02,First Class
21695065,15127900,2019-03-16,2019-03-30,Same Day
42411041,6416068,2019-01-05,2019-05-25,Second Class
1730699,11673536,2019-03-27,2019-05-08,Standard Class
43419024,47593458,2019-04-07,2019-01-23,Second Class
42808300,369872515,2018-12-18,2019-02-22,First Class
508450046,63187009,2018-12-23,2019-02-06,Same Day
1680309,55319619,2019-05-07,2019-01-04,Second Class
60078,650449961,2019-05-30,2019-03-26,First Class
10056060,10702018,2019-05-08,2019-01-16,Standard Class
60429145,548683533,2018-12-17,2019-02-28,Second Class
52125862,548686387,2019-03-02,2019-02-14,Standard Class
41190656,51346144,2019-06-07,2019-03-21,Standard Class
43063025,61919178,2019-01-27,2019-04-14,Standard Class
3630563,1723762,2018-09-08,2019-04-17,Same Day
521641120,57664056,2018-12-10,2019-01-13,Same Day
36800539,489517116,2018-06-19,2019-02-01,Same Day
369873033,52584482,2018-11-30,2019-02-01,Same Day
48102012,69161002,2018-07-01,2019-04-10,Same Day
44924116,579551531,2019-02-25,2019-04-10,Standard Class
369872236,65841695,2019-04-19,2019-02-24,First Class
3630637,10893520,2018-10-01,2019-04-02,Same Day
2450036,675100026,2018-09-16,2019-04-24,First Class
51439006,21695575,2018-11-26,2019-01-31,Same Day
60760687,52019001,2018-10-10,2019-01-23,Same Day
369871044,49349991,2019-04-28,2019-04-02,Standard Class
10738303,369871806,2018-09-18,2019-05-09,Second Class
49349548,606813003,2018-10-30,2019-06-13,Same Day
63255011,42281003,2019-04-23,2019-01-19,Same Day
53489176,935517,2018-08-27,2019-03-01,First Class
66336393,16714613,2018-07-31,2019-03-01,First Class
551549420,75940122,2019-04-03,2019-01-31,Standard Class
369872115,548686253,2018-08-15,2019-02-12,Standard Class
68308020,636294458,2018-06-23,2019-01-02,Standard Class
37205725,743799,2018-10-19,2019-02-16,First Class
68001252,2686686,2018-08-10,2019-02-03,First Class
50322005,32909723,2019-04-26,2019-02-20,Standard Class
49884463,31190500,2019-04-27,2019-04-06,Standard Class
14783472,76126007,2018-12-03,2019-06-14,First Class
931026,60432455,2018-08-01,2019-01-09,First Class
548684198,49349531,2018-10-31,2019-01-10,First Class
49035439,49349774,2018-08-05,2019-04-27,First Class
10424152,51346083,2019-02-09,2019-06-08,First Class
437420344,64117150,2019-06-07,2019-04-24,Second Class
63941078,63739284,2019-04-23,2019-03-27,First Class
369871599,36800523,2019-04-17,2019-02-06,Second Class
54575415,605052640,2019-03-09,2019-04-04,Standard Class
7812693,622960036,2018-12-02,2019-02-13,Second Class
3630567,51143066,2019-03-09,2019-05-10,Second Class
21695223,63868926,2019-03-04,2019-01-18,Second Class
49967006,9045869,2018-06-28,2019-03-30,First Class
35356765,21695146,2018-12-26,2019-03-10,First Class
49349015,50268453,2019-05-19,2019-05-24,Second Class
687889841,53489590,2019-05-05,2019-05-05,Same Day
63783403,4401385,2019-03-30,2019-01-27,First Class
551545896,369872079,2019-06-02,2019-05-17,Standard Class
37808476,68472132,2018-09-17,2019-01-05,Same Day
52125051,489511037,2018-07-29,2019-03-03,Same Day
41250037,37000587,2018-09-22,2019-01-29,First Class
516724050,55150125,2019-02-03,2019-04-09,First Class
4099789,3630057,2019-03-14,2019-02-09,Second Class
2681366,16729248,2018-11-16,2019-03-15,Standard Class
11994127,76331807,2018-10-19,2019-04-05,Standard Class
45802101,369873262,2018-11-12,2019-06-14,Second Class
45802245,49643104,2019-01-10,2019-03-13,Standard Class
42192353,582320702,2019-01-31,2019-02-23,Second Class
55111341,492880326,2018-12-18,2019-04-08,Second Class
42507247,65162642,2019-02-13,2019-06-10,Second Class
47682073,507308719,2019-04-19,2019-02-18,Second Class
54458967,687880920,2018-10-11,2019-05-24,Same Day
14783434,13537113,2019-02-10,2019-05-02,Standard Class
545690355,10019035,2019-05-30,2019-06-10,Standard Class
7813136,63517101,2019-01-25,2019-03-10,First Class
595354311,41163603,2018-08-24,2019-01-18,Same Day
52686230,49967372,2019-02-24,2019-04-26,Second Class
369873212,45802759,2019-04-15,2019-03-28,Same Day
8690686,55648787,2018-10-06,2019-01-20,First Class
369872194,42627257,2019-02-03,2019-01-19,Same Day
37012845,369872932,2018-08-31,2019-05-11,Same Day
548686296,35356926,2018-07-18,2019-06-01,First Class
54575196,650441791,2018-12-12,2019-01-04,Second Class
10596330,5910932,2019-02-25,2019-04-12,First Class
2686640,687451057,2019-02-18,2019-03-30,Second Class
5912805,13537048,2018-06-21,2019-03-12,Same Day
492880588,635395195,2019-04-24,2019-05-11,Standard Class
489512021,438570300,2018-11-30,2019-04-01,Second Class
551544179,7812195,2018-09-01,2019-01-16,Same Day
596670103,1151232,2019-04-15,2019-02-10,First Class
47682502,55655121,2019-06-14,2019-04-14,Standard Class
68084860,43063260,2018-11-17,2019-03-21,Second Class
16714357,65954382,2018-10-02,2019-05-18,Second Class
548686010,24385594,2018-11-17,2019-02-09,First Class
5362220,2801146,2018-10-05,2019-01-15,Second Class
551541391,68645320,2019-04-05,2019-01-08,First Class
49781121,62756552,2018-11-21,2019-03-10,Same Day
27502,4097139,2019-04-04,2019-06-03,Standard Class
1350525,851132,2019-04-04,2019-04-09,Second Class
51079300,37205844,2018-11-24,2019-05-21,Second Class
548685581,489511191,2019-01-06,2019-03-09,Standard Class
50268453,2681046,2018-07-31,2019-05-02,Same Day
76069100,22431582,2019-04-08,2019-03-12,Second Class
30142154,597622310,2018-07-21,2019-06-10,First Class
1350484,59450200,2019-02-26,2019-06-08,Standard Class
369872764,5550860,2018-11-11,2019-03-19,First Class
54575943,41163156,2019-06-04,2019-01-19,Second Class
5913748,75866306,2018-07-26,2019-06-14,Second Class
43598316,16590987,2018-08-13,2019-01-24,Standard Class
620110140,369872245,2019-05-05,2019-06-08,Second Class
49884984,57844115,2018-08-09,2019-03-07,Second Class
548685846,107428223,2019-03-28,2019-01-23,Standard Class
687889107,6034998,2018-11-12,2019-05-08,First Class
55319504,686390001,2019-01-09,2019-02-13,Same Day
930248,3785504,2019-01-19,2019-02-23,First Class
551543395,53389251,2018-07-12,2019-02-18,Second Class
22700134,52125774,2019-01-26,2019-01-01,Same Day
33261150,52959579,2018-09-08,2019-02-25,Second Class
620110198,551547566,2018-10-12,2019-03-14,Standard Class
575200111,55316426,2018-12-16,2019-05-09,First Class
60429131,758570001,2018-10-02,2019-05-05,First Class
30142198,59779600,2019-06-12,2019-05-12,First Class
5912467,46994329,2018-09-08,2019-04-30,Same Day
63395201,548686220,2019-05-01,2019-04-30,Same Day
935539,3630604,2018-08-04,2019-02-05,Same Day
504369973,68382027,2019-01-23,2019-03-03,Standard Class
55111565,68472072,2019-04-19,2019-05-26,Standard Class
63187061,4407805,2019-03-21,2019-01-05,Second Class
9426459,36800980,2018-06-19,2019-05-03,Same Day
1780490,681512871,2019-02-10,2019-06-07,First Class
504366046,759043343,2019-06-11,2019-06-01,First Class
61748200,597621412,2019-04-28,2019-03-26,Second Class
548685002,54575348,2019-01-04,2019-04-27,First Class
27437203,5191357,2018-06-29,2019-01-31,Second Class
10019033,41520140,2018-11-12,2019-05-30,Second Class
52125877,76328333,2018-12-20,2019-02-24,Second Class
68462296,636291671,2018-12-25,2019-05-29,First Class
501982826,68105005,2018-07-10,2019-06-14,Standard Class
55621007,636295094,2019-01-25,2019-01-10,First Class
55728001,435960011,2018-09-08,2019-01-19,First Class
780512,575200034,2018-10-11,2019-04-11,Standard Class
50563180,66259701,2019-02-15,2019-04-12,Second Class
511413771,24571111,2018-08-28,2019-01-17,First Class
6157667,58474010,2019-01-31,2019-03-11,Second Class
59067001,68382795,2019-05-05,2019-05-12,Second Class
21624001,23155128,2018-06-22,2019-05-15,First Class
64117149,438570294,2018-07-04,2019-04-15,First Class
55319107,37808230,2019-05-27,2019-04-07,First Class
75936111,636291346,2018-12-10,2019-02-21,Standard Class
8321072,57664229,2019-05-26,2019-06-17,Same Day
59779320,559260014,2019-01-08,2019-03-17,First Class
64117211,25021656,2019-06-03,2019-06-07,Second Class
46287009,339923003,2019-03-18,2019-05-08,Second Class
42998402,61727303,2019-02-21,2019-04-02,Second Class
59137525,49884929,2018-11-14,2019-03-12,Second Class
489516044,52125595,2019-05-22,2019-02-11,Same Day
619952371,551543379,2019-06-14,2019-02-15,Second Class
12830739,548686090,2019-05-24,2019-01-10,Standard Class
5915882,68472081,2018-12-21,2019-01-27,First Class
369871840,10812204,2019-03-13,2019-05-17,First Class
25021117,58214100,2019-05-20,2019-05-06,Second Class
551544989,41250167,2018-12-07,2019-06-14,Second Class
437720003,49671002,2018-09-12,2019-01-10,Standard Class
52376036,9045980,2018-08-17,2019-02-20,Standard Class
545691647,606817002,2019-03-05,2019-02-28,Standard Class
16590774,60740,2018-12-17,2019-03-02,Second Class
579552311,636291468,2018-09-25,2019-02-01,Standard Class
33261039,55711070,2018-12-01,2019-01-04,Same Day
65856216,3630149,2018-10-16,2019-02-17,Standard Class
55301243,52054215,2019-02-23,2019-04-17,First Class
369871963,7815385,2019-06-04,2019-05-31,Same Day
551543226,24987437,2018-07-31,2019-01-20,First Class
6032213,575200401,2019-05-16,2019-05-07,Same Day
605050166,369872288,2018-09-11,2019-05-31,Second Class
5483015,489513141,2018-11-30,2019-06-06,Standard Class
5170725,369871348,2019-05-07,2019-05-19,First Class
687880046,2680030,2018-08-14,2019-03-16,Second Class
369873015,11559729,2018-09-18,2019-04-08,Standard Class
68180181,55143011,2018-06-25,2019-01-25,Second Class
178565180,49778001,2018-08-28,2019-05-04,Standard Class
