PaymentID,OrderID,CreditCardType,CreditCard,Shipping
9375746,2686694,diners-club-carte-blanche,30408016042565,Truck
8054789,6995728,jcb,3549221112237767,Truck
1787910,42043251,jcb,3557159608180902,Air
8808459,575201044,jcb,3529909223663921,Truck
3485714,369873308,china-unionpay,5602235978541517,Air
5058585,118220580,laser,6706247841149207,Air
8169510,24909111,diners-club-carte-blanche,30528106894581,Truck
4546599,49527013,jcb,3589144247894735,Truck
7049257,52125325,jcb,3557048508901444,Air
8644650,45802283,jcb,3534727482148019,Truck
6996011,50563202,diners-club-enroute,201441036983941,Air
5638187,605121035,jcb,3558313957113134,Truck
8015923,548686162,diners-club-enroute,201524347329142,Truck
1404982,579558315,jcb,3542457262271746,Air
3678262,581180404,jcb,3547068258964254,Air
5777470,65862082,visa,4041371050360,Air
5775428,501690005,china-unionpay,5602211184221939,Air
5519432,49404204,mastercard,5002351018761126,Air
7006281,3630459,jcb,3548068832942494,Air
4827209,579552282,jcb,3585383496896249,Truck
3436621,28107003,china-unionpay,56022105354711346,Air
4249682,538080349,jcb,3576763704595652,Air
3897429,13537217,maestro,604525485607861638,Truck
1370203,449110082,jcb,3546807614061714,Air
7348316,55316647,jcb,3588036589424991,Truck
5388387,16864002,diners-club-carte-blanche,30240358463798,Air
6750308,59779169,china-unionpay,56022501319392398,Air
7571557,5271366,jcb,3570488496631574,Air
1382500,37012160,bankcard,5602220329654466,Air
5845096,636295233,switch,6331104307525411960,Air
5259371,548684525,jcb,3586986013009234,Air
5462123,653421377,jcb,3530359845954588,Truck
6297716,37000069,jcb,3530468797987148,Air
8306806,9045721,jcb,3540072326980984,Truck
6482040,584148748,maestro,50206342732688216,Air
2193529,636294582,jcb,3579626410137811,Truck
5219702,47593363,maestro,6763663155922015,Truck
1214587,7813167,mastercard,5108759057194335,Air
6457469,68084375,diners-club-carte-blanche,30470505329267,Truck
7633025,16714387,maestro,67624342787871137,Air
3500162,51389107,jcb,3580772511300234,Truck
7538817,504366858,maestro,6759736284538971,Air
1118339,4097926,diners-club-carte-blanche,30577737638354,Truck
9238658,557142205,jcb,3576918328666970,Air
9642121,551546707,jcb,3572336952720431,Truck
3659915,765191011,jcb,3533623578551714,Truck
1497228,4401771,visa,4041593273964,Air
9965709,55289410,jcb,3547958419339331,Air
7426192,527091001,visa,4041379720535,Air
2896016,66915613,bankcard,5602259875697917,Air
4905106,13107020,switch,4905887852627247,Truck
1783953,636294358,visa,4041376214701911,Truck
4423824,438570292,jcb,3548802121832283,Air
7381141,68016213,visa,4041371642821308,Air
8059027,636291792,diners-club-carte-blanche,30216536185958,Truck
1437847,548686368,switch,5641829342998380589,Truck
8736922,2806091,bankcard,5602244687262597,Air
6004893,76439209,jcb,3564417859541060,Truck
2603167,53208447,maestro,501893245844625853,Truck
5511331,6157565,laser,63048443465578551,Truck
2363556,581180212,china-unionpay,5602253357506398953,Truck
2779305,548686209,china-unionpay,56022260814751018,Air
2566319,62032131,jcb,3560128465684343,Air
7471280,61722002,jcb,3572860776374778,Air
2625718,51138212,jcb,3567758794353351,Truck
6494391,492880231,jcb,3586983048554995,Air
7030968,1730838,mastercard,5592437726699629,Truck
5046457,681511020,jcb,3534259377922415,Truck
2408634,540254,china-unionpay,56022584541703749,Air
6101179,55316249,jcb,3536766462774004,Air
1466550,10370116,china-unionpay,560224417511575374,Air
6312123,61748014,diners-club-carte-blanche,30493625738613,Air
6336702,59262601,china-unionpay,5602238433604841853,Truck
5175483,63824271,diners-club-carte-blanche,30030857919261,Truck
9715904,3789104,maestro,5020410963277404253,Air
8233151,511412000,diners-club-us-ca,5436198438883402,Air
3178692,51367008,jcb,3557637705094746,Air
4364485,61748017,jcb,3576454435682098,Air
3909831,9040304,diners-club-enroute,201830280140846,Truck
7274696,64455994,jcb,3557656136601226,Truck
6400210,25010215,jcb,3575144191340988,Truck
6691026,515140333,jcb,3561412354380729,Air
7569620,2686706,jcb,3554242727652994,Air
9584856,667159735,mastercard,5100148606460025,Air
3760345,64127085,china-unionpay,56022278480520004,Truck
4819164,59779949,jcb,3583186479580066,Air
1161436,31720208,jcb,3553117704416988,Air
6195420,52183369,maestro,6759451616924465638,Air
4243682,4620395,mastercard,5100137517605349,Truck
1020132,527317023,visa-electron,4405267757623168,Air
6099176,581180017,jcb,3566808648787113,Air
2332909,673450784,americanexpress,342345452728575,Truck
6443247,41250453,jcb,3558836068417515,Truck
2857199,54473241,jcb,3564341123916033,Truck
2574577,57627156,jcb,3533407953461677,Air
8257775,63830221,jcb,3538327354932966,Truck
5798127,31722731,bankcard,5602258316022289,Air
4987120,43353914,china-unionpay,560223116915301780,Truck
3158263,55648787,visa,4431637261364905,Truck
7170304,59614298,china-unionpay,5610131498926173,Air
2339073,59630574,china-unionpay,560223188869325719,Truck
1581320,437420489,switch,6759202794132384842,Truck
7217418,501810003,switch,633349531242975847,Truck
7418123,49348553,jcb,3560239924171259,Air
7461132,45963346,mastercard,5452186627412025,Truck
3741967,2700149,jcb,3555782393305582,Truck
4833551,36800443,jcb,3570142773130913,Air
7057679,9045186,jcb,3528595441813827,Air
1071377,538080251,visa,4041376481583125,Truck
1450260,650441060,visa-electron,4405307012691145,Truck
8296730,3781045,visa-electron,4844134386981137,Air
4634907,7815526,jcb,3563437709865585,Truck
5863710,16590954,switch,6331100882230361415,Truck
9623850,55301619,diners-club-carte-blanche,30168754574449,Truck
2423083,494940,diners-club-carte-blanche,30023540369531,Truck
3070258,7816135,jcb,3566269655194075,Truck
1958199,41250318,switch,6331103697769068653,Air
9394491,52125266,visa,4041590395076287,Air
9752892,935514,americanexpress,337941087621115,Truck
3195195,118220442,mastercard,5230271622225181,Air
6132032,76420611,americanexpress,375375316497497,Air
5851457,3630438,switch,6759711408170449,Air
1507654,42808201,jcb,3574124196348278,Air
2040137,59746216,mastercard,5100144377872183,Air
4452682,68428112,jcb,3539802701356886,Truck
5302604,960738,jcb,3548467212132850,Truck
8061261,67544023,china-unionpay,5602231492740941,Truck
3565900,50580778,solo,633417671077350521,Air
6625616,65003018,diners-club-enroute,201926091472053,Truck
8794453,42254168,mastercard,5100144059580666,Air
4751702,30142910,maestro,6304635551857780477,Air
9296217,30142199,jcb,3581685013271563,Truck
7012700,645361269,jcb,3542438460527378,Truck
7137629,557144418,americanexpress,374622271294984,Truck
2974046,437420197,jcb,3557476140492490,Truck
2292063,58466033,jcb,3572986732046489,Air
2871648,492880368,visa,4513697881490689,Truck
8751457,650442215,jcb,3535489516184143,Air
3983718,68703100,jcb,3532415778940107,Truck
8116586,118222683,diners-club-enroute,201497885045638,Truck
1706349,68382032,jcb,3531452164771573,Air
6619508,63304590,jcb,3574133379181109,Truck
2009463,136300035,switch,633110723931220885,Truck
4594044,2680282,visa-electron,4844609873909204,Air
6726013,52667001,bankcard,5602228183454295,Air
5075331,68770120,jcb,3569241036440714,Air
4573579,21695388,mastercard,5007667395831637,Truck
4329869,437420012,americanexpress,376169794994748,Air
1247633,55289720,mastercard,5100145415862946,Truck
2636178,76049002,jcb,3544958359405855,Truck
9599381,620110200,jcb,3534242391719454,Air
4764055,590621381,visa-electron,4913094294455325,Air
1642908,107428152,mastercard,5002351368900340,Air
1806749,117160003,jcb,3569896176810479,Air
2015644,11410162,diners-club-carte-blanche,30136330022662,Truck
4325790,68546325,jcb,3535395515566620,Truck
5024163,118220413,jcb,3586144388609713,Truck
1102247,1872615,bankcard,5602231564733618,Truck
8511912,64117136,jcb,3546706367549612,Truck
9222568,504369803,americanexpress,375465916334347,Truck
6631851,67467182,jcb,3560509537626893,Air
5915051,495800390,visa-electron,4917201821546882,Air
1520045,75987021,instapayment,6378318117546603,Air
4254126,437420206,diners-club-enroute,201485583242672,Air
5097903,538080369,jcb,3572564043515706,Truck
8950195,548684101,diners-club-enroute,201793811696043,Truck
4936115,763409001,jcb,3576742442471533,Truck
3508661,63323125,jcb,3550255578598862,Air
7385528,10122321,diners-club-enroute,201960076927617,Truck
5554616,49999885,jcb,3537351439438337,Air
8851900,687880686,mastercard,5100172427590356,Truck
3291589,190862,laser,63044482797531577,Air
4571590,52862008,visa-electron,4175000991594202,Air
3740103,41520678,instapayment,6378428242705253,Air
8227285,3952655,visa-electron,4913571766174534,Truck
3570134,531444001,jcb,3544234012200392,Air
1509847,555049003,china-unionpay,560221477847987548,Truck
4501978,490032,jcb,3574516814846817,Truck
3375579,33261825,jcb,3588724081820937,Truck
3588574,49999378,bankcard,5610679321989974,Truck
5753313,52125019,jcb,3544716653680882,Air
7350756,42858302,diners-club-enroute,201482220898412,Truck
5562854,11344919,mastercard,5002352059126344,Air
4180454,548683363,jcb,3577578886604901,Truck
9585129,64058242,visa,4017953129789908,Air
2929130,65862059,maestro,503865026607490358,Air
6355436,492880145,jcb,3585134517163816,Truck
6273517,1791435,bankcard,5602247260627920,Truck
7404017,41900500,china-unionpay,5602254574521112,Air
6031858,14783438,jcb,3570740291456965,Truck
4248052,2686638,maestro,60487609781547975,Air
4758004,52959596,jcb,3548520350532883,Air
8655350,43353538,americanexpress,374622381834026,Truck
2124279,54575349,jcb,3551274414479046,Truck
3178998,492880864,jcb,3560111996765542,Air
1264119,35000586,jcb,3566542528799050,Truck
3328504,63402515,jcb,3547091479337555,Truck
9157115,68645151,maestro,5038791675425887,Air
1937920,581182528,jcb,3539522196126400,Air
1208833,67877169,diners-club-enroute,201650846845187,Air
3746310,1875205,jcb,3587615752394866,Truck
4528648,69097148,americanexpress,374283949829832,Air
8624651,44924013,jcb,3545626479261487,Truck
6586892,5912230,visa,4910888856279129,Truck
2839055,21695604,visa-electron,4026842711490588,Air
3537424,41268215,jcb,3536306938245717,Truck
4600336,44929001,americanexpress,371948312116529,Truck
5997074,664673740,jcb,3586597846317494,Truck
3340816,687880600,mastercard,5215310038597988,Air
4178458,51444002,maestro,676104965379845239,Truck
1419804,43063209,diners-club-carte-blanche,30538926017420,Truck
7438879,2283504,jcb,3533754038783678,Air
9689631,50804360,diners-club-carte-blanche,30115588477406,Air
2886176,679382009,jcb,3531685382713873,Truck
3340834,49349277,jcb,3563114835211642,Air
3963427,557142203,mastercard,5100138473317499,Air
1690148,61919416,solo,676783387008635972,Air
4487725,49967033,jcb,3551191607950353,Truck
8487470,545692933,jcb,3561923213482282,Air
6603312,548684850,jcb,3564214860847903,Truck
9890352,49999449,americanexpress,341218340355086,Truck
4766259,76439142,visa-electron,4844298012809069,Truck
6404662,43526103,jcb,3571164034022266,Air
5835320,52125245,mastercard,5010123007187534,Truck
9884219,937394,jcb,3541491824078696,Air
1516093,118960018,americanexpress,374622671809811,Truck
2603583,515140304,maestro,5038940940538117594,Truck
7696964,68462205,diners-club-carte-blanche,30039036457085,Air
1237575,63187185,jcb,3544988345053949,Truck
6306383,51060010,maestro,676155849491497236,Air
2089559,545690650,instapayment,6381536839405791,Air
6621784,50970003,laser,6709896633835703120,Air
2155099,398224200,diners-club-international,36026449417362,Air
8931932,11084704,visa-electron,4844438200103137,Air
9968224,63739231,diners-club-carte-blanche,30227384968098,Truck
4622945,52993125,mastercard,5108754096615721,Truck
3426917,66975354,diners-club-carte-blanche,30539136929073,Truck
1358440,66336002,jcb,3549403543907032,Truck
5671528,650442042,jcb,3567491378249486,Truck
7750250,551542416,bankcard,5602257572561832,Truck
2271849,49967075,jcb,3585581790304659,Air
4661866,21695678,diners-club-carte-blanche,30288794652227,Air
8405615,581180570,jcb,3536270200775183,Air
2189937,46122028,diners-club-us-ca,5410675671368621,Truck
9319039,25021824,diners-club-enroute,201448835802958,Air
2480768,55289463,jcb,3543563401976563,Truck
7047808,548683157,mastercard,5100131817790992,Air
8106623,15127258,visa,4017953609609,Truck
3977858,52959737,jcb,3569937233302355,Truck
4500102,533461323,jcb,3583152784902320,Air
4524685,653420100,visa-electron,4917661840500998,Truck
6247054,65903247,visa-electron,4175005879015311,Air
1452688,2680275,americanexpress,345332652044927,Truck
8092304,36800366,maestro,5038053142568700885,Air
3846802,449110022,visa-electron,4508018547517574,Air
5003922,3781160,laser,63049026091215810,Truck
5917330,438570030,china-unionpay,5602213648005247,Truck
9235097,49614228,jcb,3541671823221690,Truck
4438683,557144409,visa,4041591333505,Air
7361185,551549429,diners-club-enroute,201940989171933,Truck
1749666,934160,jcb,3559928230446206,Air
1618595,49035202,jcb,3536078751578496,Truck
2341541,54473210,jcb,3556682263474204,Air
4500134,37205187,americanexpress,374622505451400,Truck
2751144,582320749,jcb,3539489542700892,Air
6464169,11673245,jcb,3557673615173452,Air
7264936,41250854,diners-club-enroute,201941940510672,Air
4018860,575200332,jcb,3537475331264739,Truck
4407981,49999338,jcb,3535851012066589,Air
6159024,687880384,china-unionpay,56104464559606004,Air
8321715,49348847,laser,6709615819572385391,Air
8587956,763404001,jcb,3550131020529831,Truck
2820790,4408505,jcb,3532224049798272,Air
8260283,1350532,jcb,3554787755935059,Truck
1893051,65121885,jcb,3583103142551358,Truck
1874619,575200500,jcb,3532414886016793,Air
7912127,17575006,jcb,3536610097237963,Air
3683011,61727310,mastercard,5533416971615409,Air
3003075,489517023,mastercard,5007667104382658,Truck
1043142,24488021,jcb,3554759135265275,Air
8864454,15127989,maestro,67616962146733072,Truck
3017417,66758054,china-unionpay,5602214659822801,Air
5270217,68400311,maestro,676127785661170762,Truck
1723083,21695572,mastercard,5101727216327432,Truck
3052237,605126350,mastercard,5100142164873166,Air
4848340,11410800,jcb,3572950218764684,Air
7295701,545690322,bankcard,5602248140750130,Truck
5507801,339920054,visa-electron,4844826917365371,Air
8993498,539507007,switch,4911158526343484,Air
5221084,40085215,visa,4017957628391223,Air
9568988,16477152,jcb,3536722426052409,Air
9988830,2583687,maestro,6763250424281052494,Truck
1911523,662881300,jcb,3544423377907721,Air
1886953,1350504,jcb,3558597304166999,Truck
8411883,10812510,visa-electron,4175001943233238,Air
6640369,548685768,jcb,3587291153842570,Truck
6558449,100969182,visa-electron,4026784042424995,Air
9779956,65862526,bankcard,5602227083694430,Truck
1598199,49884650,americanexpress,374288130480824,Air
8762107,1790155,visa-electron,4508301546158594,Truck
3611391,56062027,jcb,3543168038289107,Truck
5040896,76075101,jcb,3576304705371429,Truck
5073664,63304445,jcb,3557168816141762,Truck
7197451,43269834,visa-electron,4508666681520588,Truck
6669068,492880456,jcb,3582452511421714,Air
6124304,54057682,jcb,3557583457731566,Truck
8420112,35356197,china-unionpay,560224618487485072,Air
4862739,52083601,jcb,3579456971430664,Truck
6107924,438570117,diners-club-international,36710753294828,Air
2425621,650446518,jcb,3530154342852611,Truck
5417749,2282801,solo,6767252923795691449,Truck
8196888,52054512,diners-club-enroute,201896048996522,Air
6667033,438570294,china-unionpay,5602225112679299,Truck
6488862,60432604,visa-electron,4405708136214997,Air
6126366,5915621,diners-club-carte-blanche,30511130606684,Air
4037408,49349206,jcb,3568002855333286,Air
5460767,55289962,china-unionpay,5602239034469564,Air
8821537,449110014,diners-club-enroute,201416296090702,Truck
2181919,68828067,jcb,3530451916818378,Truck
2984742,52125531,visa,4137914545698466,Air
6482730,616011127,visa,4041376131256,Air
6462252,76049620,jcb,3581275507942620,Truck
4016945,42254065,jcb,3560316340236492,Air
6552370,5731915,jcb,3555263027805008,Air
4973363,504362899,visa,4312479754219872,Air
5931826,3781150,jcb,3532969067735305,Air
9481013,52810702,maestro,604828862217186347,Air
8559415,534995149,jcb,3580639303329509,Air
6677304,61442363,jcb,3576534709211037,Air
2313018,51655439,jcb,3575127950358440,Air
4483899,61328001,laser,6709108457517086,Air
7541563,548686366,diners-club-enroute,201961835678806,Truck
3494719,5550286,jcb,3547393057276308,Air
3705666,49035150,diners-club-carte-blanche,30562705941584,Truck
8880963,24236004,jcb,3531694122028832,Air
9358149,33261460,diners-club-us-ca,5493916290738509,Air
3582792,63187159,bankcard,5602224619553800,Air
8784714,51452004,china-unionpay,560221701604095520,Truck
2124619,59958200,jcb,3538429636099539,Truck
2290517,43419803,diners-club-enroute,201978749980136,Truck
9435994,37205186,switch,4903684345004563246,Truck
3083102,67457238,jcb,3534293488446824,Truck
7422817,65663019,diners-club-us-ca,5424442375559466,Air
6069090,4401481,instapayment,6382332634365466,Air
6157154,55910975,diners-club-us-ca,5469191821852852,Air
4158305,1790128,diners-club-enroute,201419727429341,Air
6669157,2649010,diners-club-enroute,201967545770064,Truck
9853797,64117979,mastercard,5122289433136182,Air
8717159,13668344,jcb,3559483081121490,Air
3640164,551540680,jcb,3533427015577625,Air
9528169,49999059,jcb,3574810764284735,Air
1872745,54473231,switch,633396830958214637,Air
7390051,10202384,diners-club-enroute,201807661615976,Truck
3554156,60637013,jcb,3568008556298645,Truck
2040680,548681093,jcb,3531921722039277,Truck
7537518,492880906,jcb,3537212739756648,Air
6949743,548680268,switch,4903092576628330,Truck
1579889,101911829,laser,6304114698734674439,Air
1332081,606811005,jcb,3587675410397396,Truck
3113845,616990047,mastercard,5100141574988051,Air
2847609,50225355,mastercard,5108757935826078,Truck
9425787,49884310,solo,6767377046119063,Air
7527292,504360165,jcb,3534810426109907,Truck
6753150,3100279,diners-club-carte-blanche,30322752581365,Air
2165631,5271376,mastercard,5007660767253373,Truck
9151361,49527801,jcb,3565708718412173,Air
1889153,68645477,visa-electron,4844289217842815,Truck
7060358,37808167,bankcard,5602212214016000,Air
8924039,548680262,mastercard,5002351102069907,Truck
3322760,6033968,laser,6304721783692362,Air
3373964,59316103,jcb,3546098505525849,Truck
4422541,649421096,jcb,3574934992540799,Air
1569679,50419409,jcb,3563907819576868,Air
5098387,14290376,bankcard,5602239471029962,Truck
9321365,533461351,mastercard,5010122993618585,Truck
2702230,16590301,jcb,3537708332078959,Air
4199320,50804080,china-unionpay,5602246992084355213,Air
3462045,55312053,jcb,3539621064223834,Truck
2589598,30142313,jcb,3578658823192662,Air
3050399,53329089,diners-club-carte-blanche,30011757097796,Truck
8184737,692443001,jcb,3534355203534745,Truck
2499491,2209314,jcb,3588782820513189,Air
8874916,42254305,bankcard,5602235652289466,Air
5165989,513936778,jcb,3562230253782657,Truck
5483429,5910338,jcb,3533120048388264,Air
3806123,49349361,jcb,3580868766004966,Air
7138219,64406005,jcb,3583961782476321,Truck
3517357,21695900,jcb,3587896172514537,Air
1280948,41250897,visa,4041594294943357,Air
4522933,37000363,americanexpress,337941337932791,Air
7191479,55910105,jcb,3539698800539962,Truck
7990204,679382006,jcb,3554657942533531,Air
9176006,16781391,mastercard,5447509737319046,Truck
6118343,636291398,visa,4326439319079769,Air
6220744,65862156,jcb,3567011554478707,Air
6007753,68703126,diners-club-international,36207258835494,Truck
8786890,63874687,jcb,3582327541203656,Air
8565706,6034467,jcb,3564659962940222,Air
7918540,619571025,jcb,3538662923921243,Air
5716941,52125451,solo,6334946803480910711,Truck
2395081,68084713,jcb,3586282007015092,Air
9896911,11673510,mastercard,5108751930302482,Truck
5252048,30142008,jcb,3556914812391856,Air
4428752,11673679,switch,4903559858399213518,Truck
8711113,10812094,maestro,50183758561096345,Truck
6439891,21695693,jcb,3571086575469269,Truck
4881368,58276015,laser,6304581551288210452,Truck
7066585,691520018,china-unionpay,560221355693938627,Air
1516508,61767306,bankcard,5610110312066010,Air
5931001,649421352,americanexpress,374622906161368,Air
7689186,1730453,mastercard,5108750126177377,Truck
6288355,590451001,jcb,3578065946600656,Truck
3308519,55910804,jcb,3577605523837568,Air
6724583,369872526,jcb,3568573074988316,Air
3853291,46122255,visa-electron,4026465104500175,Air
2452463,369871667,diners-club-enroute,201554336708311,Air
4985839,42507090,visa-electron,4508512652873475,Air
7414769,653421007,jcb,3545981380952413,Air
2636785,53329019,jcb,3562099946571359,Truck
8915955,16714588,americanexpress,374288379929788,Air
5317620,59726258,jcb,3539312688305484,Truck
8010740,548685759,maestro,675969309470371595,Truck
8412150,930173,mastercard,5108755540159513,Air
4209655,581181391,jcb,3547460828770354,Truck
8815608,551545102,jcb,3529249442343991,Truck
1993719,55513924,bankcard,5602259039266112,Air
9413618,30142098,jcb,3584604289238054,Air
2886653,49349284,jcb,3558585277018719,Air
6863871,51442543,americanexpress,374288727836057,Truck
2028546,101911569,visa-electron,4175004692535829,Truck
3568644,548684096,instapayment,6394572207796995,Truck
7005194,369871664,mastercard,5010121469942529,Truck
5575691,44567802,jcb,3543138891715746,Truck
9075731,65862155,diners-club-enroute,201751840767763,Truck
2997268,437420175,switch,4911381063264556193,Air
3265561,6151311,diners-club-enroute,201849997826844,Air
6517786,62750060,jcb,3575888563788550,Truck
3728410,21130002,jcb,3529928006993453,Air
7769116,622960021,bankcard,5602258655818248,Air
1262621,687889204,laser,6706021882989122,Air
5452829,65585511,instapayment,6376576036929596,Truck
2921506,10544227,visa-electron,4026539524673281,Air
7935011,41163413,china-unionpay,5602212925793071333,Truck
1600553,63824303,jcb,3584727652050887,Truck
9014314,50988400,jcb,3531683484870733,Air
8883241,687889714,diners-club-international,36671331905527,Air
1442860,551546027,jcb,3543931105703973,Air
5608493,581180031,instapayment,6387987595682178,Air
3925040,559260021,china-unionpay,56022280326320706,Truck
7337009,76436204,switch,6333139149499957,Air
3767345,582320016,mastercard,5130685056087893,Air
6884402,43353815,jcb,3569496120292153,Air
5370932,55111220,americanexpress,374288738574416,Truck
2640947,763293301,jcb,3533593514393044,Truck
9987128,76354005,mastercard,5523072804937726,Truck
3318841,55289816,visa-electron,4405474670048537,Air
9047098,59779930,visa,4300795353640489,Air
7441469,540243,jcb,3578411262481695,Truck
1254462,54458916,jcb,3560952140270685,Air
9659459,575200360,jcb,3569583162834297,Air
8541253,55312332,jcb,3558793414715334,Truck
3775557,104772627,diners-club-enroute,201470819586217,Air
2329669,690079,jcb,3542167366157622,Air
7177295,41520958,visa,4041594275331,Air
8330322,52376021,americanexpress,337941122086555,Air
1928278,50580134,bankcard,5602243041567725,Truck
9016407,4060367,laser,67061173168479632,Truck
2212953,33261342,jcb,3578092603319156,Air
7482459,4720911,instapayment,6386394944045804,Truck
3054684,64024970,china-unionpay,56022176355067608,Air
4871264,54170110,switch,6333605478437001593,Air
9198688,636292882,mastercard,5002359745626330,Air
9038947,9551041,jcb,3567237233574612,Air
6667368,64720321,jcb,3587660857297788,Air
1643625,411670031,jcb,3565654731072901,Truck
1711215,118220542,diners-club-carte-blanche,30353235322259,Truck
3771505,437420087,jcb,3528414217357839,Air
6261876,41250829,maestro,6761078875163299,Truck
6483064,605121017,mastercard,5249405223756298,Air
9712760,59779620,diners-club-carte-blanche,30351012550936,Truck
4004984,48433311,mastercard,5100174476408779,Truck
1627264,13537220,jcb,3557258751512067,Air
3730562,3951213,bankcard,5602242989305825,Truck
4605058,75887003,jcb,3586938763243091,Air
8821893,41520114,americanexpress,337941732145171,Truck
8066181,5913964,maestro,67612881727144141,Truck
3509381,55711070,americanexpress,374283449190479,Air
6593675,489512084,bankcard,5602242208288828,Air
1199244,548528,jcb,3549602108057667,Air
9481358,100960258,jcb,3570567253298030,Truck
5244047,44523603,laser,6706576250292532,Air
1635480,63323127,jcb,3560210077289347,Truck
4783257,68737226,jcb,3577307886582978,Truck
7580826,2681138,mastercard,5340971970948162,Truck
8264858,24385054,jcb,3539817071605662,Air
1582236,60793130,maestro,589395507384263454,Air
5856410,50383063,visa,4371127815646,Air
1920158,65862134,visa-electron,4844003622291108,Truck
9663646,575200503,jcb,3571653942136333,Truck
2231456,676025,diners-club-enroute,201426780478966,Truck
1232032,16590609,instapayment,6393196756996722,Air
9624738,64117250,jcb,3586398722007956,Air
7742627,14720372,mastercard,5259091223158862,Truck
8879272,1132476,jcb,3549888601040355,Truck
7779499,369871216,switch,4911425501491326847,Air
6366382,68001133,jcb,3589215062893257,Truck
8993969,107428368,jcb,3545633302688449,Air
7349425,548684381,maestro,50184374100823659,Truck
8686785,37808431,maestro,60486642764727661,Air
5530818,3780344,americanexpress,374622851212158,Air
9413829,3782017,jcb,3553495065869601,Truck
7648455,605126646,diners-club-enroute,201999031060924,Air
6718671,49349334,switch,6333718412507136645,Truck
2604240,54738908,china-unionpay,560221252359634352,Truck
9643217,851110,china-unionpay,56022287148898991,Truck
6288595,43353867,jcb,3573155628070982,Truck
6851798,682587980,jcb,3563518833179306,Truck
1338585,581181342,maestro,589386594324508389,Air
5117147,37205607,mastercard,5258231212953821,Air
4113628,523800540,americanexpress,374283825560493,Air
6167772,76113012,jcb,3571089124261807,Air
4187360,61245145,jcb,3586284272684685,Truck
7519457,51389119,jcb,3535781286852879,Truck
5782753,758571100,jcb,3546967289426749,Air
4183264,49967206,diners-club-carte-blanche,30235696693841,Air
4689128,12462201,jcb,3564400708408293,Air
3972332,49738872,jcb,3538585364175047,Truck
2696431,369871842,jcb,3549178704018767,Air
7980272,132651,diners-club-carte-blanche,30150731273626,Air
1010928,24330410,diners-club-carte-blanche,30101917566671,Air
6300914,24987242,bankcard,5602213590428892,Air
8830194,55648967,switch,4903189077725711313,Truck
6980852,2701314,diners-club-carte-blanche,30318428882104,Air
2264309,76509800,jcb,3587690725937950,Air
6905083,55289390,jcb,3582222990251951,Truck
9127169,57691108,jcb,3581564646802864,Air
3648771,51523006,switch,491150588391872549,Air
7066884,369873350,jcb,3579818020371399,Air
6292742,582320721,jcb,3566573234786768,Truck
3251463,57237082,switch,490512101319769543,Truck
4361482,6034979,china-unionpay,561059871369976944,Air
1389843,53208377,bankcard,5602217671492529,Truck
4191508,649420819,americanexpress,337941608854344,Air
1230103,7819404,jcb,3588153542411146,Air
4248857,2681524,mastercard,5315498136669913,Truck
1695003,43269694,bankcard,5602234606690416,Truck
6157598,51346230,diners-club-carte-blanche,30334826223379,Air
1815839,693120,mastercard,5010127528780727,Truck
8297760,492880349,bankcard,5602259133960016,Truck
9065760,42508157,jcb,3572848867533832,Air
4941090,551545154,jcb,3528251894820683,Air
5117223,673450681,laser,6304809371311258147,Air
5709096,59078031,jcb,3550602872351417,Truck
6888751,650446695,bankcard,5602257970274236,Air
5100849,102673852,diners-club-us-ca,5408343401880126,Air
3050803,64092802,americanexpress,337941580512563,Air
9807159,687889038,jcb,3534022366436247,Truck
6917431,548680029,visa-electron,4917622176491293,Truck
4072763,1723759,diners-club-enroute,201425771413537,Air
4189503,664679730,switch,491169277632387058,Truck
4058432,60432741,mastercard,5048375915895014,Air
9106754,53057010,jcb,3532308297948372,Truck
8691013,55315189,visa-electron,4405557582971992,Truck
9297223,687889525,americanexpress,337941340712719,Truck
6335820,636291595,jcb,3583633409908909,Air
4001101,58914012,americanexpress,374283207271446,Air
2915662,50742109,jcb,3587730972322694,Air
3456335,438570337,jcb,3581073641261258,Truck
2682189,33261082,jcb,3586215961549698,Air
5477710,595351051,mastercard,5010121568974746,Truck
5799255,534050003,mastercard,5100170266463420,Truck
4128088,369871245,laser,6304556140264897,Air
3425625,49230203,jcb,3550678970896495,Truck
4805979,55319050,jcb,3566258686143490,Truck
2350429,981322132,maestro,67637972100724186,Truck
7759199,52959655,diners-club-carte-blanche,30086425588442,Truck
2948448,605126445,visa-electron,4508687644496484,Truck
6022496,650440611,visa-electron,4026831703037895,Air
3218786,51389255,jcb,3586530850589062,Air
4097381,619572150,jcb,3566064348787900,Air
6444392,575200638,jcb,3551722737193017,Air
6055273,636293325,americanexpress,379723234916211,Air
8129898,51386400,diners-club-carte-blanche,30139209174176,Air
2231665,758479001,jcb,3570649947702658,Truck
2270579,13537110,diners-club-enroute,201786097056247,Truck
4935030,59746177,jcb,3570535336502470,Truck
1531254,619570001,visa,4041592053318,Air
5178744,433379328,jcb,3560298431251558,Truck
1424761,605052782,jcb,3551817750842894,Truck
2489722,43063438,maestro,630473917514241824,Truck
7196027,59279514,jcb,3581496940944169,Truck
6364540,63941238,bankcard,5610635847104233,Truck
6219133,58517360,jcb,3535778793740704,Truck
4584829,68645021,jcb,3556145695282025,Truck
1389951,9980408,jcb,3588344484493321,Air
1244546,50268061,visa-electron,4508447828827958,Truck
8521090,636293355,jcb,3584765022579524,Truck
7124358,52125805,diners-club-enroute,201690963150490,Air
3022215,40259,visa-electron,4917858454438248,Truck
3036553,49738178,jcb,3554684356939624,Truck
1035657,548680113,diners-club-enroute,201762730230408,Air
1234315,2680710,diners-club-us-ca,5511306297790646,Truck
9686415,67046231,mastercard,5002355137129099,Truck
9002386,930132,visa,4041595597117839,Air
7122324,10631093,jcb,3541874256009695,Truck
9186713,27505002,maestro,63043013192990380,Truck
6346141,369871208,jcb,3528742704940026,Air
8906144,3951207,jcb,3536750334089114,Truck
7673250,42346200,jcb,3545985002061669,Truck
8914340,50458178,switch,4911453881397553560,Truck
9860519,575200781,laser,6706531147396459,Air
6372776,526540004,jcb,3571336411214951,Truck
8363441,24208732,bankcard,5602233317419578,Truck
7544242,75862021,jcb,3535099698527611,Air
9377203,5910885,jcb,3535323264429311,Air
6800823,682581972,jcb,3573136199270599,Truck
2108856,50563200,mastercard,5002355184236938,Truck
4734392,11489074,jcb,3543496276704929,Truck
3898810,649421176,diners-club-enroute,201808246345485,Air
9510331,551542364,jcb,3534212383238193,Truck
5500346,63736918,americanexpress,374622965450504,Truck
3052990,1730842,diners-club-carte-blanche,30338741647273,Air
9303487,52125827,jcb,3559843349050031,Air
1682881,13537148,instapayment,6385532771473836,Air
2418113,30142246,visa-electron,4026685575375100,Truck
8723910,10578004,jcb,3540949688580801,Air
8271307,43063354,jcb,3572280201932290,Truck
3816908,50988177,jcb,3561376306941799,Truck
7038411,68428035,diners-club-us-ca,5546377957203922,Truck
4478412,651132428,americanexpress,346817860601194,Air
8299985,61314237,jcb,3529883272954749,Truck
7841234,33261810,jcb,3537782009625442,Truck
8668627,687451035,jcb,3567138328030793,Air
4695512,579556044,jcb,3541597895809403,Air
6417882,1439681,jcb,3587619702142698,Air
3919326,1130459,bankcard,5610282006723378,Truck
3091935,437420195,jcb,3536560900595091,Truck
8170977,67234014,visa-electron,4026860658663736,Air
8213987,64205006,jcb,3577493661443022,Air
8265188,687889777,americanexpress,374622156867698,Truck
4222437,13537171,china-unionpay,56022366297853765,Truck
6307306,55312994,jcb,3528273973362684,Truck
1185259,51367016,jcb,3583774858352833,Truck
8601070,551544959,jcb,3576438733759526,Air
7939567,6032109,diners-club-enroute,201566321833870,Truck
9383412,51815216,maestro,6761768988047551105,Truck
3534329,30142770,visa,4041378791131,Truck
1627641,2681069,laser,67060569710842691,Truck
1504762,49884397,mastercard,5423852352056883,Air
1924606,35356125,jcb,3548521665303747,Truck
3685887,16590016,jcb,3551288755093463,Air
6458882,551548273,bankcard,5602244270896421,Air
7745029,51079375,mastercard,5100143278914516,Truck
7505415,575200955,jcb,3537756173251615,Truck
7335433,49781100,americanexpress,374622844509462,Truck
7187979,536451020,mastercard,5007667638740520,Air
2833931,6150828,jcb,3588861929307360,Air
3657229,521641105,jcb,3561299658690584,Truck
3972620,49999192,jcb,3544434651571968,Truck
9299471,124880200,jcb,3539074586838244,Truck
7257616,50988179,bankcard,5602258023129211,Truck
7935507,549730617,jcb,3532009352208906,Truck
6675989,551545128,jcb,3559957187950696,Air
7194134,65862148,bankcard,5610719351763350,Truck
8740377,37000410,switch,4905742313588654034,Truck
9322010,1130166,jcb,3543906773034281,Air
1957415,13537254,jcb,3546581136075482,Air
9737768,59779324,mastercard,5048379970176021,Truck
8295979,673450782,maestro,5893336595403533,Truck
3368495,5970001,jcb,3544204979115289,Air
6690352,780592,jcb,3555979994243572,Air
6161970,49967715,laser,677131837292073956,Truck
1363507,579550815,maestro,6049171182632090,Air
3716661,538080712,jcb,3566004942828411,Air
1863222,51621038,maestro,5020142849042464190,Air
7030335,66336135,jcb,3558036840904233,Truck
2199106,43269835,switch,675998770102427268,Truck
9451076,56062288,maestro,6763112108702305676,Truck
1920587,52642006,jcb,3582081225460880,Air
4750932,4980015,jcb,3581474425166194,Air
4183641,59547310,mastercard,5579455561805454,Truck
1685084,1790013,visa,4041375527243124,Truck
8578655,57237095,bankcard,5602213957162571,Truck
1177185,692980,americanexpress,374283766808273,Air
8083047,37808604,switch,4936491332595099668,Truck
7988841,1850055,china-unionpay,56022338313927188,Air
2633322,67457198,jcb,3530980561928611,Air
6622825,538080748,jcb,3564270015025563,Air
9066093,636293868,jcb,3555196822993258,Air
1402478,55758005,instapayment,6376859695439028,Truck
3468911,369873172,jcb,3548023649537870,Truck
8648301,47335924,diners-club-us-ca,5494911108410457,Air
9049716,5913221,maestro,50388468175066618,Air
7167605,49349796,china-unionpay,56022523794212032,Truck
4859762,41250299,jcb,3559832329216332,Truck
7532149,21695065,maestro,5038834261141538863,Air
9709177,42411041,americanexpress,374288139652274,Truck
1619580,1730699,jcb,3549372057477890,Truck
5199486,43419024,diners-club-enroute,201878556668750,Air
7804543,42808300,americanexpress,377068879276766,Truck
2078335,508450046,jcb,3576770297298891,Air
4593281,1680309,jcb,3569270597588967,Truck
1461898,60078,switch,490324753837157813,Air
8646285,10056060,jcb,3571475929447263,Truck
8877711,60429145,switch,4903500674411547175,Air
6657684,52125862,jcb,3586677737059213,Truck
6680216,41190656,solo,6334213024386123,Air
4527768,43063025,jcb,3562354854769382,Truck
3171999,3630563,instapayment,6374509079853110,Truck
2815648,521641120,jcb,3539813015562374,Truck
9408162,36800539,mastercard,5201016692354097,Truck
8025762,369873033,jcb,3538784571685621,Truck
7003810,48102012,jcb,3588762562850585,Truck
2746024,44924116,solo,676731128367792944,Truck
4802220,369872236,americanexpress,342414777857079,Air
3305133,3630637,jcb,3563601073027649,Air
8435376,2450036,maestro,6761396758248718,Air
6489782,51439006,diners-club-us-ca,5535085144932682,Truck
1846968,60760687,diners-club-enroute,201473566967184,Air
6665921,369871044,jcb,3528533924590968,Air
5879490,10738303,laser,6709719442586948651,Truck
6467270,49349548,mastercard,5267160311973878,Air
3245767,63255011,jcb,3579720857640682,Truck
4609734,53489176,laser,670630902431694301,Truck
4701897,66336393,jcb,3541112420893672,Air
2975434,551549420,switch,5641828608901573416,Air
4423371,369872115,jcb,3572986272834229,Truck
3071693,68308020,diners-club-enroute,201823396892160,Truck
8515279,37205725,bankcard,5602255857949276,Air
6600400,68001252,jcb,3537080202151690,Air
2424530,50322005,maestro,5020099760321890,Air
4267732,49884463,china-unionpay,5602221070494326,Air
8333012,14783472,jcb,3541219564699300,Air
9475796,931026,jcb,3578182623967819,Air
1058520,548684198,maestro,6762748916059487,Truck
1425112,49035439,jcb,3553274606263537,Truck
9694939,10424152,jcb,3534886443566626,Truck
8455901,437420344,visa-electron,4026259194655555,Truck
3587806,63941078,diners-club-carte-blanche,30008299039385,Truck
5099232,369871599,jcb,3579417094297273,Truck
6391520,54575415,jcb,3547481570666293,Air
3124965,7812693,americanexpress,337941658263453,Truck
8584937,3630567,jcb,3554522539355617,Truck
5078763,21695223,china-unionpay,56022559904518041,Air
4056813,49967006,mastercard,5206993995559132,Air
7880430,35356765,diners-club-enroute,201584132005638,Air
2479853,49349015,mastercard,5010127021926751,Air
1132279,687889841,diners-club-carte-blanche,30185217529976,Air
3669751,63783403,jcb,3577577247126422,Truck
8019705,551545896,jcb,3545773834947903,Truck
5461753,37808476,mastercard,5100144009414107,Air
2070265,52125051,jcb,3547357262139296,Truck
1816316,41250037,jcb,3539486484666172,Air
4888314,516724050,diners-club-carte-blanche,30243536450018,Truck
1928958,4099789,jcb,3545591823666668,Air
2174714,2681366,jcb,3574761559410656,Air
9570048,11994127,mastercard,5587936526385427,Truck
5320452,45802101,switch,6333287391343710,Truck
1552134,45802245,mastercard,5007664536264737,Truck
6158090,42192353,americanexpress,373709148435873,Air
7401226,55111341,mastercard,5108753320855400,Air
2733836,42507247,instapayment,6382240213864207,Truck
3057421,47682073,jcb,3550225963179628,Air
8335117,54458967,jcb,3549554302917909,Air
7837455,14783434,diners-club-enroute,201418785456618,Air
4259601,545690355,diners-club-us-ca,5553266800030840,Air
8271635,7813136,americanexpress,337941432259421,Air
2051860,595354311,jcb,3532234823975822,Truck
8048407,52686230,visa-electron,4844235773900208,Truck
8527640,369873212,jcb,3537902884687529,Truck
2131741,8690686,instapayment,6370531855645316,Air
9320224,369872194,china-unionpay,5602234868804330401,Truck
2660135,37012845,maestro,58931384373799386,Truck
8636201,548686296,diners-club-carte-blanche,30422939015103,Truck
8748842,54575196,diners-club-carte-blanche,30492241633257,Truck
3544874,10596330,jcb,3531960892976199,Truck
3215148,2686640,diners-club-enroute,201471659082564,Truck
6557485,5912805,jcb,3568695899457175,Truck
8707887,492880588,maestro,501862753083583615,Air
2135855,489512021,americanexpress,374288005564926,Air
4800303,551544179,switch,675978774658081150,Truck
9946930,596670103,mastercard,5007667929223848,Truck
2991923,47682502,diners-club-carte-blanche,30128502764866,Air
6698804,68084860,jcb,3574273950123631,Truck
2375476,16714357,instapayment,6385451617523532,Air
3422002,548686010,bankcard,5602221013497865,Truck
9371447,5362220,jcb,3551157117076286,Truck
1939257,551541391,bankcard,5602225922789239,Air
3301177,49781121,laser,670610710836009809,Air
9813817,27502,jcb,3582172703492105,Truck
6127420,1350525,jcb,3566015968963627,Truck
4128572,51079300,diners-club-enroute,201412991282165,Truck
6231870,548685581,jcb,3564971481290728,Air
6817596,50268453,jcb,3563515996875563,Truck
2113345,76069100,jcb,3587895525657894,Truck
2991937,30142154,jcb,3536801780168041,Air
6379331,1350484,switch,5641826799226214,Air
9719618,369872764,visa-electron,4405975999619014,Truck
7147335,54575943,solo,6767331440544847599,Air
6092616,5913748,jcb,3574026917846953,Truck
3911495,43598316,mastercard,5100144651023776,Air
5889866,620110140,jcb,3572490708993345,Truck
9877323,49884984,mastercard,5243676875905922,Truck
7145292,548685846,jcb,3535171576761529,Truck
7399245,687889107,americanexpress,337941010513116,Truck
3673934,55319504,visa,4041379279508,Air
6330188,930248,visa-electron,4917739185497739,Air
9453385,551543395,bankcard,5602259176205212,Air
9740110,22700134,maestro,5038476411314725374,Truck
4489047,33261150,bankcard,5602218544514010,Air
9533279,620110198,visa,4041373738492960,Air
2703199,575200111,switch,4903668714215930,Truck
8818531,60429131,visa-electron,4917639792422239,Air
9615206,30142198,americanexpress,374288218928553,Air
5693292,5912467,visa-electron,4405990988511874,Truck
8374125,63395201,diners-club-enroute,201448493239279,Truck
2066290,935539,americanexpress,337941544436842,Air
9121651,504369973,maestro,503813822387318766,Truck
2844531,55111565,jcb,3546870783223317,Air
8701810,63187061,jcb,3539994692761347,Air
8724341,9426459,visa-electron,4508024921703673,Air
3245943,1780490,bankcard,5602218486208886,Air
5009272,504366046,china-unionpay,560224762810580108,Truck
6621047,61748200,diners-club-enroute,201924901365948,Air
4138869,548685002,jcb,3548271157373226,Truck
8345464,27437203,diners-club-international,36208796053764,Truck
2408315,10019033,mastercard,5186170388234086,Truck
3895168,52125877,jcb,3577042132735217,Truck
2570116,68462296,instapayment,6383245121425859,Air
1236869,501982826,mastercard,5548664354803190,Truck
8267655,55621007,jcb,3536836819317987,Air
9179017,55728001,jcb,3545187098471197,Air
7229322,780512,diners-club-carte-blanche,30409301410335,Truck
3288971,50563180,americanexpress,342765678134250,Truck
6027151,511413771,jcb,3530952164981164,Truck
6236049,6157667,maestro,6763870680137145481,Truck
3110802,59067001,jcb,3574635116041727,Truck
4751253,21624001,diners-club-carte-blanche,30024407736283,Truck
5971862,64117149,visa-electron,4175003332518732,Air
8554391,55319107,bankcard,5602256992627751,Truck
8370072,75936111,jcb,3534221169334035,Air
6881178,8321072,jcb,3571124323884412,Truck
9478044,59779320,jcb,3549532856422161,Air
3082143,64117211,maestro,501882433957354858,Truck
1941413,46287009,visa,4017956848315434,Truck
9377706,42998402,mastercard,5007664684692705,Air
6649772,59137525,switch,564182048340902349,Air
8685487,489516044,jcb,3546337244622610,Air
7415729,619952371,diners-club-carte-blanche,30584246487125,Air
5441458,12830739,switch,675993943054141857,Air
5353397,5915882,mastercard,5461339751603906,Truck
1173431,369871840,mastercard,5010120436461043,Air
8624055,25021117,jcb,3545436617503158,Truck
4341690,551544989,bankcard,5602258722836033,Air
5621691,437720003,china-unionpay,561031080337202382,Air
4548541,52376036,diners-club-enroute,201989538273260,Air
2369471,545691647,jcb,3587386915896946,Truck
6383554,16590774,maestro,6759477294964975096,Truck
6543301,579552311,switch,4936441148503177,Air
1048522,33261039,diners-club-enroute,201973340250344,Air
9418710,65856216,jcb,3570515958857972,Truck
4151268,55301243,maestro,50200835128615459,Air
3684325,369871963,jcb,3560036322781568,Air
9506790,551543226,diners-club-carte-blanche,30565210388050,Truck
1318890,6032213,jcb,3580252879146222,Truck
1114093,605050166,jcb,3580172577697708,Air
5292014,5483015,maestro,5018213980202684166,Air
1847280,5170725,jcb,3576734977831801,Truck
4882420,687880046,maestro,5018690487820810,Truck
1937401,369873015,jcb,3576733373268774,Air
5402618,68180181,diners-club-carte-blanche,30375193692530,Air
3590142,178565180,visa,4041378095582,Truck
