SupplierID,SupplierName,SupplierContactDetails
1,Bubbletube,871576028
2,Tagopia,337644060
3,Zoomdog,218191802
4,Oozz,635153112
5,Kare,849236788
6,Rhynyx,378570118
7,Roombo,479972408
8,Wordify,371696870
9,Skyvu,717197839
10,Feedfire,634554653
11,Layo,547884825
12,Oyoyo,440829219
13,Quatz,803827568
14,Gabvine,854304179
15,Jaxspan,385116886
16,Mybuzz,632592978
17,Gabcube,236546347
18,Lazz,329802609
19,Buzzdog,351973917
20,Yodel,298998758
21,Innojam,188550225
22,Skidoo,192420999
23,Mynte,323914731
24,Browseblab,664199393
25,Mybuzz,120355790
26,Photobug,527161591
27,Flashset,233781949
28,Kamba,283272548
29,Tazzy,254583750
30,Rhyloo,703695945
31,Yakijo,289852357
32,Fanoodle,437492246
33,Skaboo,454251393
34,Flashpoint,598408384
35,Twitterlist,288778840
36,Linkbridge,708655880
37,Oyonder,798210070
38,Edgeblab,279376011
39,Jetpulse,375538466
40,Quinu,149156274
41,Kazu,472350505
42,Skyndu,883124168
43,Gigaclub,507498561
44,Avavee,145892056
45,Trilia,648202985
46,Omba,458385152
47,Realbuzz,681379765
48,Topicstorm,101678057
49,Oozz,348061263
50,Skynoodle,120538038
51,Rhyloo,332977780
52,Avaveo,696610894
53,Jabbersphere,867045328
54,Demizz,308666652
55,Wikido,838194550
56,Oyoba,131704415
57,Blogspan,632637005
58,Wikivu,754141688
59,Blognation,759150588
60,Skipstorm,569134343
61,Thoughtworks,574740037
62,Photojam,154423936
63,Browsetype,115089699
64,Tagopia,650784303
65,Livepath,583389758
66,Oodoo,847627635
67,Blogtags,792591635
69,Pixoboo,110620215
70,Zooxo,185826741
71,Fivespan,174239420
72,Linkbuzz,741427881
73,DabZ,458121050
74,Jazzy,299525394
75,Dabtype,855688013
76,Thoughtstorm,560729504
77,Vimbo,614881667
78,Fadeo,433831238
79,Thoughtstorm,673604852
80,Eadel,807930024
81,Yabox,250420967
82,Muxo,800268802
83,Zazio,699204385
84,Tagfeed,615167269
85,Fatz,523809887
86,Camido,840736286
87,Roodel,756095350
88,Gigazoom,573478364
89,Omba,435247523
90,Innotype,674695280
91,Kwimbee,674818160
92,Jayo,304182648
93,Skiptube,579462873
94,Shuffledrive,857915590
95,Gevee,649789218
96,Twitterlist,839116693
97,Midel,429514961
98,Skilith,439375086
99,Talane,766662819
100,Chatterbridge,819689887
101,Skipfire,315956593
102,Fivebridge,739395689
103,Realcube,433539139
104,Skivee,615134570
105,Chatterbridge,868803843
106,Buzzbean,640888698
107,Voonix,543428435
108,Thoughtblab,542888254
109,Yakitri,488545386
110,Zoozzy,725328162
111,Demivee,493382166
112,Meedoo,320168226
113,Zoovu,860124670
114,Yotz,808588679
115,Skinix,204027998
116,Vinte,559863976
117,Brainsphere,885750938
118,Vipe,723838372
119,Innotype,639475189
120,Gabspot,431917448
121,Rooxo,184899088
122,Twitterworks,499153729
123,Edgewire,669109388
126,Yombu,271239597
127,Mycat,839415843
128,Wordify,535091446
130,Livetube,527992547
131,Youspan,867743976
132,Livetube,100104836
133,Digitube,282020435
134,Rooxo,465303895
135,Dynazzy,652896783
136,Gabtype,121803360
137,Kanoodle,556078839
138,Linktype,368885947
139,Latz,420629576
140,Ainyx,562637880
141,Avavee,125382989
142,Kazu,267592200
143,Cogidoo,834020219
144,Abata,668599311
146,Yata,311169482
147,Shuffledrive,572638744
148,Trunyx,465556310
149,Dazzlesphere,850343773
150,Youbridge,410146619
151,Aibox,679678363
152,Tagtune,131488804
153,Oozz,186078144
154,Fadeo,631693897
155,Centizu,337519337
156,Yozio,446256296
157,Skinix,111842828
158,Skidoo,227146321
159,Ainyx,222960060
160,Viva,422891758
161,Skipfire,868619439
162,Kayveo,849836706
163,Layo,189308872
164,Devshare,791261894
165,Wikibox,304685356
166,Jabbersphere,670447335
167,Realmix,159954995
168,Kazu,780470245
169,Skinix,463735608
170,Abata,517157183
171,Feedbug,521613108
172,Jetwire,762855444
173,Divanoodle,511354021
174,Quamba,819312989
175,Babblestorm,470737676
176,Twitterworks,135096171
177,Quatz,195124744
178,Kanoodle,877922965
179,Rhynyx,513841167
180,Jamia,500019399
181,Talane,271376285
182,Jabbercube,496504716
183,Buzzdog,815899588
184,Devpoint,497111518
185,Babbleblab,531846299
186,Flashpoint,249359061
187,Gabspot,223183159
188,Jabbercube,172918070
189,Dabtype,829523416
190,Realbuzz,445012969
191,Tagchat,565461132
192,Vinte,170330650
193,Fivespan,516460775
194,Wordpedia,325380058
195,Babbleblab,201259822
196,Skyndu,346243016
197,Oyondu,603796170
198,Gabcube,455911610
200,Voolia,698943065
202,Gigaclub,749455048
203,Voonix,650970439
204,Photobug,266976904
205,Thoughtbeat,752912144
206,Youbridge,303102442
208,Photobean,820829655
209,Brainlounge,571384231
210,Snaptags,233976624
211,Zoonder,493827589
212,Ainyx,433044627
213,Wikizz,705726800
214,Babbleblab,157379651
215,Kare,829278030
216,Pixonyx,765184817
217,Feedfire,882506408
218,Wikibox,311278922
219,Dabfeed,422067486
220,Skiptube,829466307
221,Riffpath,377542757
222,Shuffledrive,830308824
225,Kwinu,557610203
226,Leenti,450378265
227,Gabcube,869491604
228,Yodoo,488802732
229,Topicware,735510771
230,Rooxo,238977709
231,Yabox,591324673
232,Yabox,139079700
233,Avamba,163529668
234,Twitterwire,412073378
235,Abatz,499249122
236,Voonte,167882365
237,Trilith,875190318
238,Mymm,899941913
239,Skimia,869815558
240,Shufflester,342844393
241,Thoughtblab,799320894
242,Centimia,664937706
243,Oozz,684230409
245,Yakidoo,306256630
246,Bubbletube,610262412
247,Meembee,589427665
249,Avaveo,897678034
250,Geba,748605619
251,Dabtype,753107022
252,Zoomcast,835588785
253,Shuffletag,501341783
254,Eidel,253895050
255,Skipstorm,181417940
256,Brainbox,435890824
257,Dynabox,432137009
258,Jetwire,345995630
259,Mudo,159441592
260,Camimbo,385609979
261,Voomm,289730573
262,Yamia,859666522
263,Blogtag,188433442
264,Jayo,626134141
265,Youfeed,189063930
266,Vidoo,562223910
267,Linkbridge,504579924
268,Twinder,196807223
269,Twitterlist,109869293
270,Mynte,808414378
271,Jatri,649682842
272,Twitterlist,150572640
273,Jaxspan,843679704
274,Oloo,859969189
275,Thoughtbridge,686997947
276,Lazz,769442351
277,Avamm,866712942
278,Lajo,740593740
279,Divavu,311701584
280,Meezzy,891425567
281,Zoomdog,172982152
282,Youfeed,803365701
283,Gigabox,665016932
284,Zoomcast,709191132
285,Lazz,438566113
286,Skynoodle,205865112
287,Flipbug,801841627
288,Eamia,190676241
290,Tagfeed,198362680
291,Divape,645857740
293,Jaxbean,572915758
294,Rhynoodle,883458165
295,Aivee,759956944
296,Twitterlist,181964964
297,Ntag,653468005
298,Demizz,554871854
299,JumpXS,360251937
300,Flipopia,322299723
302,Agimba,296329525
303,Zava,339206980
304,Skinder,343666270
305,Rooxo,280591168
306,Topicstorm,694436986
307,Feedbug,769634799
308,Latz,245701648
309,Jabberstorm,679454846
310,Jabbercube,514832487
311,Tagtune,835495284
312,Thoughtbeat,651290884
313,Gabspot,864454899
314,Riffpedia,114785085
315,Midel,894572919
316,Skinte,617915193
317,Avamm,637016190
318,Kazu,629117458
319,Wikizz,768824144
320,Skiptube,424765495
321,Zoonder,890590335
322,Skinte,585253757
323,Digitube,132476371
324,Gabcube,571464187
325,Eimbee,478817750
326,Skyvu,358597146
327,Twitterworks,274428908
328,Flipopia,521684174
329,Realmix,841573344
330,Feednation,540244522
331,Thoughtbeat,825868630
332,Edgewire,670458110
333,Jayo,412935172
334,Aivee,449804246
335,Yodo,237234929
336,Skipstorm,172435210
337,InnoZ,415482318
338,Centizu,657422409
339,Devcast,832355973
340,Twitterwire,539205922
341,Vimbo,339756952
342,Trilith,731664280
344,Kayveo,862384615
345,Skyba,535899766
346,Bubbletube,649584696
347,Quamba,576864243
348,Twimbo,295016025
349,Oyondu,709844340
350,Feedmix,238974452
351,Feedfish,146560855
353,Feedspan,832887009
354,Brightdog,370664574
355,Topiczoom,198065450
357,Skyba,314363449
358,Yodo,892344315
359,Babbleopia,861059707
360,Bluejam,233982395
362,Youbridge,441407398
363,Rhycero,196880609
364,Blogspan,138249961
365,Kanoodle,665265875
366,Realbridge,457276078
367,Quimm,481219047
369,Buzzshare,175148297
370,Jetwire,823899741
371,Topdrive,469159131
372,Jabberbean,311614354
373,Pixoboo,447098553
374,Kwilith,697384356
375,Feedbug,333442991
376,Kwinu,337415636
377,Blogspan,710326408
378,Youspan,684121517
379,Voolith,545103828
380,Podcat,540103026
383,Kwimbee,795560064
384,Agivu,447983395
386,Mycat,469634330
387,Shuffledrive,735675753
388,Tavu,187209550
389,Kare,548454741
390,Linkbuzz,844308890
391,Shuffledrive,162780346
392,Ntag,542076065
393,Jetwire,380584074
394,Camimbo,238333863
395,Mydeo,195253503
396,Realbuzz,386215313
397,Feednation,254104881
398,Cogilith,812196808
399,Dynava,756592214
401,Podcat,244219354
402,Brainsphere,415284078
403,Trunyx,248026514
404,Shuffletag,607185770
405,Meejo,429768946
406,Voomm,672819502
407,Innotype,682592419
408,Wikivu,438177753
409,Tagcat,879548503
410,Rhyzio,576945231
411,Thoughtbeat,259569594
413,Photofeed,278139486
414,Divavu,445131357
415,Kazu,356084598
416,Avamba,816893650
417,Bluejam,138210884
419,Skidoo,251586250
420,Brainbox,467233113
421,Livepath,669966732
423,Aimbo,461159988
425,Chatterbridge,699753481
426,Vidoo,199955278
427,Rhynyx,129634167
429,Zoovu,305825873
430,Zoonder,218498679
432,Lazzy,579927504
435,Twinte,102388721
436,Zoombeat,862457382
437,Bubblemix,461937421
438,Linkbuzz,531215091
439,Vitz,651105560
440,Ozu,851478136
442,Kazu,194231321
443,Browsezoom,677549252
444,Eimbee,652469888
445,Vitz,303295200
446,Skippad,433431432
447,Ntag,366973918
448,Youspan,307718958
449,Gabtype,104591634
450,Oba,263723471
451,Abatz,661456777
452,Roombo,848914874
453,Topiczoom,821618212
454,Zoonoodle,189941122
456,Trilith,500287357
457,Meetz,405706603
459,Tagcat,570405193
460,Innojam,391180448
461,Thoughtworks,309610744
463,Npath,147859606
464,Midel,307042548
465,Wordtune,317259993
466,Teklist,536836781
467,Skimia,790793573
468,Feednation,659210151
469,Quaxo,140163673
470,Skaboo,294419298
471,Lajo,763109352
473,JumpXS,220650031
474,Oba,277309002
475,Photolist,212728973
476,Innotype,820211779
477,Feednation,420281587
478,Zava,503123193
479,Eazzy,459576974
480,Snaptags,841177017
481,Oyonder,716438118
482,Skilith,810010459
483,Jaxnation,781993876
484,Skippad,433144266
485,Katz,724077936
486,Pixonyx,846341523
487,Quimba,676344117
488,Zoonoodle,160330424
489,Brightdog,879637771
490,Jabberbean,445172775
491,Brightbean,281574165
492,LiveZ,410898997
493,Brainbox,637843768
494,Blogtags,412871556
495,Plajo,111124129
496,Twitterwire,530827798
497,Jaloo,838069578
499,Babbleset,730161616
500,Browsebug,732120593
501,Jatri,711844357
502,Teklist,509942704
503,Topicshots,647631621
504,Twinte,734373831
505,Quatz,403148402
506,Viva,376462741
507,Topicware,269704570
508,Brightdog,254674087
509,Lazzy,619587371
510,Jaxworks,547859847
512,Gigashots,664740625
513,Babbleblab,850086675
514,Quimba,135437540
515,Voonix,547760965
516,Twitterbeat,881028632
517,Meetz,306077616
518,Jazzy,593829122
519,Realbridge,680203768
520,Vimbo,252276855
523,Youopia,729362041
524,Aibox,865421286
525,Twimbo,642858473
526,Gabcube,768573316
527,Yabox,179123107
528,Midel,407251568
529,Quatz,328353520
530,Oyoba,569074332
533,Dynabox,296820168
534,Flipbug,178725871
535,Myworks,212408303
536,Cogilith,741552529
537,Trudeo,770129213
538,Blognation,126132125
539,Kwimbee,578832676
540,Quimba,474355497
541,LiveZ,714079190
542,Abatz,694210235
544,InnoZ,844809527
545,Oba,157646315
546,Innotype,129251741
548,Skivee,137702218
549,Meejo,429990447
551,Trupe,237345520
552,Jaxnation,392099670
553,Avaveo,204599604
554,Babbleopia,471086486
555,Kare,738050868
557,Layo,775690274
558,Babbleopia,361469281
559,Skippad,440867792
560,Realpoint,569812051
561,Avaveo,325138612
562,Ntag,723072473
563,Eimbee,102410153
564,Jabbersphere,215352226
565,Divanoodle,200958491
566,Livefish,814790366
567,Janyx,361754426
568,Babbleblab,123428616
569,Mita,520296917
570,Divavu,695012565
571,Feedfire,828883282
572,Muxo,765651142
573,Fivespan,857648516
574,Topicstorm,557029169
575,Tambee,502874013
576,Meezzy,409441664
577,Kwilith,362397487
578,InnoZ,392033145
579,Jaloo,370468661
580,Fanoodle,135317982
582,Camido,295846096
583,Einti,828688205
584,Edgeify,244836199
585,Quaxo,646217402
586,Skinix,298667618
588,Skipfire,562457815
589,Wordtune,171310268
591,Layo,204187381
592,Blogpad,678372454
593,Skibox,397559995
594,Feedbug,190538819
596,Skiba,891211980
597,Thoughtstorm,505156064
598,Dabtype,120986931
600,Wikibox,767512913
601,Linklinks,140746559
602,Divanoodle,375614621
603,Yakidoo,119853166
604,Yodel,438304921
605,Zoombeat,874285123
606,Jamia,264342085
608,Twitterwire,368259482
609,Yambee,514799569
610,Zoombox,234127384
613,Jayo,175560810
614,Oba,302773424
615,Livefish,721037469
616,Miboo,387102825
618,Voonder,603504595
619,Edgeblab,715013090
620,Yoveo,880421897
621,Yakijo,395152207
622,Jabberbean,205134102
623,Yakidoo,420885799
624,Skimia,566641055
625,Yotz,294257323
626,Camimbo,498213639
627,Leexo,215068021
628,Leexo,102082843
629,Mynte,587217915
630,Camido,410382403
632,Kwilith,722358776
633,Tambee,467585023
634,Jayo,121933637
635,Skyvu,416998611
636,Mydeo,128942595
637,Youspan,193296908
638,Buzzster,234065587
639,Quatz,509343985
640,Tagcat,534202530
641,Ozu,347279394
642,Cogilith,267607116
643,Twitterbridge,875889905
644,Flipopia,770870912
645,Miboo,533705972
646,Divanoodle,652183763
647,Kazu,448477655
648,Quimba,115932377
649,Jabberstorm,264354631
650,Eidel,446539144
651,Devpoint,714265098
652,Livetube,441662551
654,Eire,113919167
655,Gabtype,763907035
656,Realblab,209768535
657,Ntags,432694266
658,Browsecat,157753159
659,Chatterpoint,574312723
660,Kwideo,378012970
662,Topiclounge,870265136
663,Yodoo,623557805
664,Livepath,516331896
666,Vinder,209477350
667,Shufflebeat,109673198
668,Oyoyo,607679078
669,Eabox,267615998
671,Skynoodle,161025895
673,Abatz,348626683
674,Kare,895972090
675,Katz,825050743
676,Livefish,446221421
677,Cogidoo,420992483
678,Linklinks,606686621
679,Wikizz,325863901
680,Browsedrive,167365788
681,Riffwire,430806105
682,Gevee,601735186
683,Yotz,262071668
684,Brightdog,535027483
685,Skyba,680147820
686,Jaloo,734462514
687,Skinte,481105521
688,Edgepulse,392603873
689,Twinte,144599212
690,Gabcube,711140177
691,Yakitri,834441587
692,Buzzshare,851873453
693,Gabvine,271904904
695,Jamia,490901388
696,Yombu,548431686
697,Lazzy,481912770
698,Twimbo,844766966
699,Youopia,404019457
701,Bubblemix,617670879
702,Devpulse,882047101
703,Feedmix,353486544
704,Skynoodle,292722472
705,Roombo,652192433
706,Tagopia,420244101
707,Kamba,321625923
708,Kazio,718131400
709,Jamia,463668301
710,Devpulse,684932807
711,Plajo,537026248
712,Linkbridge,464431062
713,Tagcat,803422537
715,Meeveo,265424185
716,Innojam,696800102
718,Shufflester,662271304
719,Topdrive,383560356
720,Divavu,706521841
722,Ooba,211894622
723,Jetpulse,635303693
724,Realmix,515598716
726,Avamm,182499647
727,Skiba,260994882
728,Wordtune,460783058
729,Pixoboo,863370862
730,Gevee,702532175
731,Demivee,295049339
732,Feedfire,313613862
733,Oyoba,193041166
735,Mycat,601434107
736,Mita,476520185
738,Voomm,348171178
739,Meevee,413573046
740,Buzzster,302146183
741,Riffpath,688692823
742,Vipe,401627882
743,Skivee,464681650
744,Teklist,466167156
745,Linkbuzz,420528603
746,Livefish,782365592
747,Yamia,134038131
748,Oyoyo,368094452
749,Janyx,619514664
750,Jamia,602570765
751,Eayo,363410203
752,Skyvu,862891699
753,Zoonoodle,610120339
754,Eadel,199740486
755,Vitz,347992708
756,Feedfish,327945292
757,Photobean,160571114
759,Voonix,302889034
760,Kwimbee,129615552
762,Mydeo,458635737
763,Wikivu,457922588
764,Livepath,748058021
765,Yotz,579854630
767,Yodo,244574207
768,Yadel,210967174
769,Aivee,740489608
770,Blogtags,473299975
771,Edgetag,186941474
774,Mydeo,496046406
775,Podcat,803159847
776,Jaxworks,804988936
777,Skajo,268213799
778,Leexo,310973261
780,Skalith,588798750
781,Feedfire,731480736
782,Twiyo,601646468
783,Meemm,373332834
784,Skyvu,480751740
785,Agivu,559444423
786,Geba,590215146
787,Mynte,709547208
788,Brainsphere,862615064
789,Aimbu,361935692
791,Jayo,811832542
793,Linkbridge,746171815
794,Dabfeed,814953742
795,Brainsphere,844236055
796,Eadel,781790596
799,Trupe,214736591
800,Jaxbean,737017269
801,Leenti,692776331
802,Demizz,864660172
803,Voonte,482262534
804,Innotype,345933482
805,Babbleopia,269872914
806,Podcat,437736762
807,Browsetype,844106046
808,Midel,740607848
809,Realfire,163411702
810,Devcast,118972125
811,Oloo,148769008
812,Tekfly,540870867
813,Skiptube,584510938
815,Brainbox,259914608
816,Realblab,805874049
818,Plajo,788724318
819,Twinder,842367675
821,Jabbertype,398404399
822,Skimia,889970203
823,Wikivu,226811300
825,Innotype,487646614
828,Voomm,595391214
830,Mynte,615319957
831,Edgeclub,206012301
832,Mynte,747509079
833,Oozz,213927831
836,Kayveo,320865969
838,Divavu,140894888
839,Leexo,434919008
840,InnoZ,331647016
841,Pixope,643754415
842,Feedbug,375413647
843,Roombo,596807389
844,Feedmix,631999505
846,Mymm,759601833
847,Flashdog,775940831
848,Feedbug,677246266
849,Twimbo,670489406
852,Skidoo,393491434
853,Kwideo,820547663
854,Quimm,109633941
855,Wikibox,650819232
857,Avaveo,866626025
858,Chatterbridge,366414206
860,Fliptune,703407061
861,Aivee,575745075
863,Rhynyx,711988851
864,Gabspot,849161152
865,Buzzbean,123209005
866,Linkbridge,471144582
867,Pixonyx,304511575
868,Demizz,709327998
869,Kazio,804777032
870,Skibox,445529552
871,Digitube,207367790
872,Tagcat,146379519
873,Browsebug,864231420
874,Rhyloo,635233528
875,Aivee,681079348
876,Flashdog,128575591
877,Pixoboo,589590272
878,Skinix,671586551
880,Browseblab,667485540
881,Tanoodle,479337555
882,Oloo,887819493
883,Buzzbean,893553731
884,Quatz,520605977
888,Brightbean,169135424
889,Dablist,716731584
890,Cogibox,163823073
892,Trudoo,706954792
894,Vinder,896311379
895,Yambee,239954807
896,Abatz,545336916
897,Chatterbridge,242643271
898,Camimbo,638298068
899,Pixonyx,581557507
901,Eabox,454201364
904,Yozio,245149639
905,Feedbug,412670231
906,Yakijo,616530046
908,Edgeblab,403925398
909,Dazzlesphere,164552994
910,Yakijo,264993237
912,Rhynyx,389865501
913,Avavee,129965072
914,Skivee,645377232
916,Thoughtsphere,882044231
917,Oyoloo,850051383
918,Realblab,628540917
920,Fadeo,432942747
921,Yambee,777132094
922,Divanoodle,789493600
924,Browsetype,585612229
925,Tazz,502963884
928,Nlounge,141877188
929,Katz,815877868
930,Vinte,384673810
931,Skyvu,876277207
933,Blogtags,163069928
934,Rhybox,655216931
935,Skippad,791057061
936,Kazu,332146264
937,Vinte,107815155
938,Bluejam,516584018
939,Twitternation,441208117
940,Yodoo,572698273
942,Thoughtbeat,645301824
943,Fadeo,541501247
944,Fivechat,331387721
945,Zoomdog,891986803
946,Yodo,604074246
947,Kwimbee,184986155
949,Quimba,349541230
950,Skipstorm,753085560
952,Voolia,525541139
953,Divavu,202808923
954,Yacero,191075808
955,Fadeo,141406004
956,Livefish,755677009
958,Demimbu,324612750
959,Podcat,236748866
960,Kare,642472130
961,Browsedrive,812709410
963,Zazio,891933442
964,Tazz,597803691
965,Trupe,108375957
966,Quimba,796013998
967,Snaptags,245670465
968,Youfeed,230940683
969,Divape,162952640
971,Abatz,477421099
973,Abatz,458831338
974,Rhycero,141802703
976,Eamia,475138465
977,Jamia,777765259
978,Livetube,707224767
979,Thoughtbridge,782909359
982,Eidel,811953189
983,Twitternation,851779525
984,Vipe,155180873
985,Voolia,723299697
986,Snaptags,676438841
987,Realpoint,562172875
989,Realcube,231123580
991,Devpoint,306698866
992,Vidoo,159343380
994,Zoovu,742596791
996,Edgeify,352073630
997,Zooveo,788646027
998,Geba,439179977
1000,Meembee,544943877
